ageb,POBTOT,x,y,n_denue,lon,lat,dist_hosp_m,dist_salud_m,hosp_caminando_min,hosp_auto_min,salud_caminando_min,salud_auto_min
0017,5868,494314.1477775191,2144819.5127446293,532.0,-99.05415230440444,19.397569778518672,1265.319121646541,220.2101367383699,16.87092162195388,3.795957364939623,2.9361351565115985,0.6606304102151097
0021,7518,493992.83306173695,2144355.016943797,205.0,-99.05721105172084,19.393371057059092,1613.630062735937,257.02836630195765,21.515067503145826,4.840890188207811,3.427044884026102,0.771085098905873
0036,10273,494523.0769416042,2143898.1270093275,508.0,-99.05215980189502,19.389243525768286,1066.1349854963994,182.5500927407553,14.215133139951991,3.1984049564891985,2.434001236543404,0.547650278222266
0040,3860,495110.2356593102,2144405.059429801,274.0,-99.04656926529,19.39382634258848,183.0447540279061,183.0447540279061,2.4405967203720813,0.5491342620837183,2.4405967203720813,0.5491342620837183
0055,3701,491307.8580222581,2143932.6004823856,62.0,-99.08278026825349,19.389543713280677,4702.250810670551,1572.967804647357,62.696677475607345,14.106752432011653,20.972904061964762,4.718903413942072
006A,2957,493925.8734971825,2143659.172247398,54.0,-99.05784653958494,19.387082300022687,1767.2956897415945,252.21456837740072,23.563942529887928,5.301887069224784,3.3628609116986765,0.7566437051322022
0074,2480,495007.2945320249,2144024.6985562127,151.0,-99.0475486602733,19.390388654767527,661.037717528787,465.89750517211473,8.81383623371716,1.983113152586361,6.211966735628196,1.3976925155163442
0089,2144,495457.94471705134,2144219.0159020643,308.0,-99.04325730123502,19.39214583002504,455.62190495041864,232.41290523261182,6.074958732672249,1.366865714851256,3.0988387364348244,0.6972387156978355
0093,1677,490799.2248884678,2143816.9247217244,39.0,-99.08762371077252,19.38849604829648,4068.82846713313,1767.8438167181982,54.25104622844173,12.20648540139939,23.57125088957598,5.303531450154595
0106,1524,490975.0033392127,2143799.235228901,37.0,-99.08594959975235,19.38833698195705,4280.206055665484,1845.648454857816,57.06941407553979,12.840618166996453,24.60864606477088,5.536945364573448
0110,1932,491348.4871764229,2143699.559289704,31.0,-99.0823922742528,19.38743782719338,4404.043731569411,1371.1382511362108,58.720583087592146,13.212131194708233,18.28184334848281,4.113414753408633
013A,2880,494156.35845550575,2143517.445478371,61.0,-99.05565109704128,19.385802157356277,1468.6094899552077,201.30195461185141,19.581459866069437,4.405828469865623,2.6840260614913523,0.6039058638355542
0144,1855,494812.1636000169,2143685.056238511,36.0,-99.0494060878558,19.38731870996783,624.90765966949,163.47990552320044,8.332102128926534,1.8747229790084703,2.1797320736426724,0.49043971656960134
0178,2948,496220.7301672943,2143727.560010146,416.0,-99.03599176477375,19.387705978512788,1231.0223027970633,104.57421393578001,16.413630703960845,3.6930669083911902,1.3943228524770668,0.31372264180734005
0182,2946,490597.8341237469,2143422.7364761475,26.0,-99.08953970941415,19.38493271904228,3684.7740114986664,1207.8479904385858,49.13032015331555,11.054322034496,16.10463987251448,3.623543971315758
0197,2762,491043.2368836445,2143335.070100812,41.0,-99.08529759337743,19.384142490384924,4125.393888326718,1529.1495785350066,55.005251844356245,12.376181664980155,20.38866104713342,4.58744873560502
0214,6202,493321.8087122156,2142784.3570692157,313.0,-99.06359623880346,19.37917440946341,2757.717248497685,504.55851490627185,36.76956331330246,8.273151745493056,6.727446865416958,1.5136755447188157
0229,0,493710.5559580367,2143325.8297060267,11.0,-99.05989599948964,19.384069119298577,2073.932379252131,117.05937940982389,27.652431723361744,6.221797137756393,1.5607917254643184,0.3511781382294717
0233,1933,494367.2115223037,2143066.3254437186,59.0,-99.0536417332901,19.38172585163662,1373.0129319545333,239.4241351389752,18.30683909272711,4.1190387958636006,3.192321801853003,0.7182724054169256
0248,1549,494559.3218642987,2143162.293945068,64.0,-99.05181251785766,19.38259367857423,1094.4099062479147,173.59420034225175,14.592132083305529,3.2832297187437445,2.31458933789669,0.5207826010267553
0252,3188,494708.3166663729,2143411.923732404,68.0,-99.0503943089912,19.384850057599603,783.4444777627513,301.9815674709673,10.445926370170017,2.3503334332882537,4.026420899612898,0.905944702412902
0271,4150,497110.035369779,2143367.534636589,281.0,-99.02752194706744,19.384453798207232,2392.0761837402297,320.23656760411757,31.894349116536397,7.17622855122069,4.2698209013882344,0.9607097028123528
0286,2480,496344.7877319407,2143235.14610298,92.0,-99.03480936072086,19.3832561139006,1455.1372920805159,213.13716673756545,19.401830561073545,4.365411876241548,2.841828889834206,0.6394115002126964
0290,1588,496342.79232313513,2143036.641645171,21.0,-99.034827982065,19.38146216435997,1554.3023390479336,220.98465890870287,20.724031187305783,4.662907017143801,2.946462118782705,0.6629539767261087
0303,1103,496214.235110155,2142998.8089494114,43.0,-99.0360521708226,19.381120020121223,1434.1932653384533,87.01287906193316,19.122576871179376,4.30257979601536,1.1601717208257756,0.2610386371857995
0318,3528,497460.020682443,2143185.567659632,154.0,-99.02418869579616,19.382809780413183,2878.0523209227395,193.1123621448406,38.37403094563653,8.634156962768218,2.5748314952645415,0.5793370864345219
0322,4540,487361.6000138488,2142826.3025882137,244.0,-99.12035535567918,19.37952479204589,598.156622183732,317.5968254366323,7.975421629116426,1.794469866551196,4.234624339155097,0.9527904763098969
0337,5329,487718.3095867716,2142815.763305248,128.0,-99.1169583513682,19.37943176074937,142.72081255912556,35.86286239649893,1.9029441674550076,0.4281624376773767,0.47817149861998576,0.1075885871894968
0356,5122,488394.9246992245,2142717.24136318,403.0,-99.1105143646166,19.37854541656283,767.5385833362567,167.02582248045402,10.233847777816756,2.30261575000877,2.227010966406054,0.5010774674413621
0360,5255,488344.8357670214,2142374.600514054,107.0,-99.11098926042976,19.37544857881948,924.2192605494846,207.0715201802126,12.322923473993129,2.772657781648454,2.7609536024028345,0.6212145605406378
0375,6884,489039.1198034965,2142744.4467314337,241.0,-99.1043799016396,19.378794902143724,1590.3029906491956,199.04365198467536,21.204039875322607,4.770908971947587,2.6539153597956715,0.5971309559540261
038A,5123,489097.8739046776,2142293.8527653413,247.0,-99.10381781041202,19.374723069306576,1813.4033658602204,340.0862268413483,24.17871154480294,5.440210097580661,4.534483024551311,1.020258680524045
0407,6972,492056.5332561652,2142615.315100783,396.0,-99.0756447110904,19.37764211511299,2751.324908878926,460.2384101411863,36.68433211838568,8.253974726636779,6.136512135215818,1.380715230423559
0411,4975,492631.9989957499,2142642.5220208094,409.0,-99.07016472614548,19.37789018803827,2637.8206416221788,83.76031418942661,35.170941888295715,7.913461924866537,1.1168041891923548,0.2512809425682798
0426,8211,492772.5088559375,2142187.76675138,377.0,-99.0688249398936,19.373780934964916,2042.0209957923912,243.906717186641,27.226946610565218,6.126062987377174,3.2520895624885466,0.7317201515599231
0445,3848,496347.0200778965,2142605.208251432,269.0,-99.03478689296894,19.37756317442748,1885.3326914854583,86.8981640618282,25.13776921980611,5.655998074456376,1.1586421874910426,0.2606944921854846
0464,4863,497378.9531662812,2142227.372069338,166.0,-99.02495939782278,19.37415016308315,2816.4458921721853,665.9431482243738,37.552611895629134,8.449337676516556,8.879241976324984,1.9978294446731215
0479,4554,497958.6480758456,2142880.702864253,201.0,-99.01943984765424,19.38005519215579,3107.4492850587358,519.2505320280195,41.432657134116475,9.322347855176208,6.92334042704026,1.5577515960840587
0483,6782,486172.240573989,2142190.1363178124,363.0,-99.131676973043,19.373767727565085,1320.0759773113705,390.73234643492214,17.601013030818272,3.960227931934112,5.2097646191322955,1.1721970393047665
0498,5441,485867.6082000426,2141824.601778082,170.0,-99.1345751640296,19.370462162222573,1576.4835304378742,571.300301550616,21.019780405838322,4.729450591313623,7.617337354008214,1.7139009046518483
0500,6227,486524.7895047127,2142032.556244105,149.0,-99.1283186629924,19.37234602783981,819.163739515938,331.826350963746,10.92218319354584,2.457491218547814,4.42435134618328,0.9954790528912381
0515,7149,486901.1145575961,2141967.976940501,289.0,-99.12473464288522,19.37176489665231,386.3414077933218,172.92712461375635,5.151218770577624,1.1590242233799655,2.3056949948500844,0.5187813738412691
0534,4645,488269.0448131502,2141980.35354541,109.0,-99.11170856985858,19.371885208707635,1277.7192910388783,570.171537481004,17.03625721385171,3.833157873116635,7.602287166413386,1.710514612443012
0553,5795,492056.2619027186,2141788.62049104,421.0,-99.07564384728268,19.37017101854123,1772.5474804040566,212.42224231859518,23.633966405387422,5.31764244121217,2.832296564247936,0.6372667269557856
0568,5839,492455.7602760329,2141705.661332084,234.0,-99.07183931784697,19.369422831672424,1467.2437603112587,245.46996543163698,19.56325013748345,4.4017312809337765,3.2729328724218263,0.7364098962949109
0572,5325,492779.6072814069,2141402.930091268,384.0,-99.06875436947792,19.36668814434683,1022.1375075666396,509.61541075212165,13.628500100888527,3.066412522699919,6.794872143361622,1.528846232256365
0587,2637,496509.38315430685,2141835.1906102183,20.0,-99.03323931771534,19.37060457050024,2784.1014955022947,657.3475640092827,37.12135327336393,8.352304486506885,8.764634186790436,1.9720426920278482
0591,3807,496787.1363427764,2141636.2135136365,139.0,-99.0305940841764,19.368806814420303,2706.3338851383714,322.19233488365364,36.08445180184495,8.119001655415115,4.295897798448715,0.966577004650961
0604,3653,497091.61176450347,2141803.120413941,131.0,-99.02769501088802,19.370315669886526,2572.7741301689884,205.43509072059797,34.303655068919845,7.718322390506966,2.739134542941306,0.616305272161794
0619,5610,497843.8604134106,2141968.591638584,475.0,-99.02053194084112,19.371812035282645,2267.2578106177452,58.48141447417823,30.230104141569935,6.801773431853236,0.7797521929890431,0.1754442434225347
0623,5433,498368.11178074393,2142573.263384867,484.0,-99.01554025073818,19.377277140221604,2460.14232935372,163.6756161980403,32.80189772471627,7.380426988061161,2.182341549307204,0.49102684859412093
0638,4162,498829.148317404,2142279.520997791,273.0,-99.01114968165132,19.374622819499717,1767.0427417551452,542.7910522494552,23.560569890068603,5.301128225265436,7.237214029992736,1.6283731567483657
0642,2515,485751.1074320714,2141140.191455807,129.0,-99.13567941783282,19.364276117935947,1884.789137499573,153.09025850173555,25.130521833327638,5.654367412498719,2.0412034466898072,0.4592707755052067
0657,1916,486272.90551552025,2141168.422464292,28.0,-99.13071101605384,19.3645348849882,1272.9404488825655,494.7531512129048,16.972539318434208,3.818821346647697,6.596708682838731,1.4842594536387146
0676,2699,487347.37859671545,2141505.663187292,335.0,-99.1204820131071,19.367589690307465,455.6502552479055,316.63425600384954,6.075336736638739,1.3669507657437165,4.221790080051327,0.9499027680115487
0680,3125,487618.1369234805,2141372.55954571,143.0,-99.11790291121976,19.36638848013015,836.6142444687354,228.93203067223502,11.154856592916472,2.5098427334062063,3.0524270756298004,0.6867960920167051
0695,3633,487875.5273244513,2141331.175438022,131.0,-99.11545172181437,19.36601605003781,1026.7150795523244,152.51391125201445,13.689534394030991,3.080145238656973,2.033518816693526,0.4575417337560434
0708,4420,488175.2189791631,2141292.3793861982,235.0,-99.11259775966752,19.36566722549517,1330.5042917431851,179.8577617141989,17.74005722324247,3.9915128752295557,2.3981034895226516,0.5395732851425967
0727,2181,488642.13050422544,2140869.5457324577,263.0,-99.1081492276218,19.36184864135601,806.9470488020186,517.6420056314798,10.759293984026915,2.420841146406056,6.901893408419731,1.5529260168944397
0731,11610,489450.2859216417,2141191.127666555,425.0,-99.10045578977154,19.364759286317465,1530.406810277886,291.2099898347386,20.40542413703848,4.591220430833658,3.882799864463182,0.8736299695042159
0746,7993,490185.5335335248,2140784.4647610164,652.0,-99.09345257671356,19.361087873129875,1398.585750967039,124.93151100196236,18.647810012893853,4.195757252901117,1.6657534800261649,0.3747945330058871
0750,9308,490720.69692382537,2141256.099141797,237.0,-99.08835909392316,19.36535272679479,1490.558365101223,322.9540694221436,19.874111534682974,4.471675095303669,4.306054258961915,0.9688622082664309
0765,3454,497263.5269559504,2141542.087289654,71.0,-99.02605758054774,19.367956871274767,2170.9380105584223,332.82407682026036,28.945840140778966,6.512814031675267,4.4376543576034715,0.9984722304607812
077A,4047,497463.4552051061,2141350.8083266383,165.0,-99.02415354465904,19.36622848388468,1812.0927737969298,321.79851318450847,24.161236983959064,5.43627832139079,4.290646842460113,0.9653955395535254
0784,6393,498409.4150528315,2141462.8010149314,437.0,-99.01514599802384,19.36724157040602,1493.626019316905,531.6291650238066,19.915013590892066,4.480878057950715,7.088388866984089,1.59488749507142
0801,3649,485721.6923978804,2140781.11198162,177.0,-99.13595682026232,19.36103079878935,1997.7674343147173,473.66624211156903,26.63689912419623,5.993302302944152,6.31554989482092,1.4209987263347073
0816,1207,486705.5378445335,2140977.4513978376,14.0,-99.12659011535976,19.36281193198596,739.3407599240711,198.1827097382944,9.857876798987615,2.2180222797722133,2.6424361298439254,0.5945481292148832
0820,1112,486984.2844154981,2141029.149230131,20.0,-99.12393624304904,19.36328096717641,432.04140109063405,253.34917150127887,5.760552014541787,1.2961242032719023,3.377988953350385,0.7600475145038367
0835,6828,497828.4183604317,2140965.6085812734,392.0,-99.0206778454402,19.36274773583908,1122.6522879490403,331.84921643698465,14.96869717265387,3.3679568638471213,4.424656219159795,0.995547649310954
084A,7352,498575.16602717206,2140776.396285638,441.0,-99.01356715740675,19.361038430617107,645.1588136113403,325.57508124415375,8.60211751481787,1.935476440834021,4.341001083255383,0.9767252437324613
0854,3289,499041.71510612295,2141097.9896608223,343.0,-99.00912487538606,19.36394505260512,1178.1413652009885,162.41485655730642,15.70855153601318,3.5344240956029656,2.1655314207640854,0.4872445696719193
0888,4544,500475.8921853509,2141558.0461868923,95.0,-98.99546839668358,19.36810290555881,611.792347838717,110.68830512451632,8.157231304516227,1.835377043516151,1.4758440683268843,0.332064915373549
0892,2220,500531.4952687093,2141303.460588748,118.0,-98.99493899668448,19.365802118862945,294.3713082872674,294.3713082872674,3.924950777163566,0.8831139248618023,3.924950777163566,0.8831139248618023
0905,2580,485854.3708962773,2140514.464152093,153.0,-99.13469149096636,19.358621959411245,1872.1933880295558,291.89710991350796,24.962578507060744,5.616580164088668,3.8919614655134396,0.8756913297405239
091A,1444,486773.8795336333,2140758.745071535,55.0,-99.1259378481247,19.36083586682054,637.2181402178261,191.43910613321395,8.496241869571014,1.9116544206534785,2.5525214151095192,0.5743173183996418
0924,3759,486830.25143956224,2140547.4386244165,245.0,-99.1253996214079,19.35892659536724,672.7286215533809,212.84491168715067,8.96971495404508,2.018185864660143,2.8379321558286756,0.6385347350614521
0939,4294,487348.7187061744,2140736.418624639,293.0,-99.12046414578452,19.360637799027675,179.2646979661648,179.2646979661648,2.3901959728821973,0.5377940938984944,2.3901959728821973,0.5377940938984944
0943,3439,487821.2954471254,2140718.098858586,157.0,-99.1159642106035,19.360475158766985,750.0091683953614,139.84811092191072,10.000122245271484,2.2500275051860843,1.8646414789588095,0.41954433276573216
0958,5599,488173.1361359973,2140744.9999736613,542.0,-99.11261419620408,19.360720375222627,968.7696473829898,504.30606122294546,12.916928631773198,2.9063089421489696,6.724080816305939,1.5129181836688366
0962,8084,489076.4534796191,2140516.086136108,248.0,-99.10401159949949,19.35865672443312,557.7585541353294,390.00125203868083,7.436780721804392,1.6732756624059884,5.2000166938490775,1.1700037561160426
0977,7001,489871.9712612343,2140676.413330185,436.0,-99.09643771478969,19.36010982118392,1575.5245813149677,238.36994430870786,21.0069944175329,4.726573743944903,3.1782659241161046,0.7151098329261236
0981,6435,490601.9321699308,2140638.8426104365,640.0,-99.0894869474329,19.359773830785723,862.3648073260042,114.88588995480228,11.49819743101339,2.587094421978013,1.5318118660640303,0.3446576698644069
1000,5229,492586.4095400943,2140543.396374623,240.0,-99.07059070194752,19.35891955723382,237.83922373721256,237.83922373721256,3.171189649829501,0.7135176712116378,3.171189649829501,0.7135176712116378
1015,6358,493022.8755723944,2140397.427521221,333.0,-99.0664342290257,19.3576019524381,451.4950225393947,245.337772568445,6.019933633858596,1.354485067618184,3.2711703009126,0.736013317705335
1034,6566,493690.4861582733,2140456.025461939,237.0,-99.06007762425062,19.358133729185045,850.5237079123738,336.86129044691677,11.340316105498317,2.5515711237371215,4.491483872625557,1.0105838713407505
1049,4690,494200.3545894103,2140653.979707025,134.0,-99.05522338760171,19.35992424354537,373.2653731245266,373.2653731245266,4.976871641660355,1.11979611937358,4.976871641660355,1.11979611937358
1053,7253,494225.27868298953,2140150.5881698965,218.0,-99.05498453936652,19.35537499997079,363.8312280079557,195.56049529415085,4.851083040106076,1.0914936840238672,2.607473270588678,0.5866814858824526
1087,5902,495980.9467513351,2140797.5406693257,254.0,-99.03826915181624,19.361226003455364,2186.6438054444097,496.8635238905184,29.155250739258797,6.55993141633323,6.624846985206912,1.4905905716715553
1091,4232,496647.8100572087,2140603.9145469028,318.0,-99.03191898506256,19.359477364072276,1592.2234785448265,500.4757521114673,21.229646380597686,4.77667043563448,6.673010028152897,1.501427256334402
1104,6367,497354.40178009256,2140292.6201264327,478.0,-99.0251905068934,19.35666514777819,1264.5950355504187,599.2433225730241,16.86126714067225,3.7937851066512565,7.989910967640322,1.7977299677190723
1123,3739,498760.4695113222,2140329.6643148395,77.0,-99.0118024217255,19.3570012881582,187.11009216151467,187.11009216151467,2.4948012288201955,0.561330276484544,2.4948012288201955,0.561330276484544
1138,4768,499558.8315243665,2140628.459122247,356.0,-99.00420073744722,19.359701930414136,586.1050794733909,416.1393635838468,7.814734392978545,1.7583152384201728,5.548524847784623,1.2484180907515403
1142,3200,500251.2616093292,2140964.297111511,82.0,-98.99760748185712,19.362737042063696,376.25678763611376,228.4154590478363,5.016757168481517,1.1287703629083414,3.0455394539711507,0.6852463771435089
1157,2662,500494.89068084926,2140912.649255825,144.0,-98.99528765430878,19.36227023812692,216.26831026977482,131.55473310265432,2.8835774702636643,0.6488049308093244,1.754063108035391,0.394664199307963
1176,2180,487465.8011364177,2140061.250038517,145.0,-99.11934486257243,19.354536822316444,1047.6159064616647,1037.7073831335997,13.96821208615553,3.1428477193849944,13.83609844178133,3.1131221494007995
1180,2051,488079.082592488,2139960.035291123,246.0,-99.11350485533865,19.35362584472127,935.8023711155054,575.524667692742,12.477364948206738,2.807407113346516,7.673662235903227,1.7265740030782262
1195,3664,488536.9208959465,2139802.7809219486,330.0,-99.10914461487114,19.352207350541683,643.0018171228355,330.22883685367555,8.573357561637806,1.9290054513685067,4.403051158049007,0.9906865105610267
1208,991,488946.1944131797,2139921.649675611,252.0,-99.10524845002968,19.353283899070185,513.7114637973883,468.168652672508,6.849486183965178,1.5411343913921651,6.242248702300107,1.404505958017524
1227,5183,489999.5258881344,2140108.581056727,234.0,-99.09522017980764,19.35497877744709,1384.0220041888,348.99910484393007,18.453626722517335,4.152066012566401,4.6533213979190675,1.0469973145317903
1246,4327,492293.7078664351,2139832.1371624046,488.0,-99.0733748716188,19.352490572392107,520.4546809974199,182.56727711320548,6.9393957466322655,1.56136404299226,2.4342303615094063,0.5477018313396165
1250,3051,492685.21441880846,2139895.448970116,122.0,-99.06964741683107,19.35306420560244,942.3712586677966,554.2422638172764,12.564950115570621,2.82711377600339,7.389896850897018,1.6627267914518291
1265,3915,493173.2117757339,2139897.7117594774,173.0,-99.06500098135297,19.35308637247318,1082.4878585582128,439.74061376320964,14.433171447442838,3.2474635756746384,5.863208183509462,1.319221841289629
127A,2174,493815.42798790656,2139535.019673017,325.0,-99.05888497276106,19.34981068180639,1322.074478071688,4.055307498649085,17.627659707622506,3.966223434215064,0.05407076664865446,0.012165922495947255
1284,1379,494258.7888151467,2139739.890872316,86.0,-99.05466423327368,19.351663487344503,871.0187371229704,160.5676086006741,11.613583161639605,2.613056211368911,2.140901448008988,0.48170282580202234
1299,3461,494472.07394815766,2139226.9801339144,195.0,-99.05263197950372,19.347028737454,1540.1514835090618,345.9258029518932,20.535353113454157,4.620454450527186,4.612344039358576,1.0377774088556797
1301,4045,494675.4086972935,2139218.340689613,333.0,-99.05069598391272,19.3469512087888,1601.6743294747446,237.85913179139882,21.355657726329927,4.805022988424234,3.1714550905519845,0.7135773953741965
1316,3355,495390.30039818346,2139582.409964091,137.0,-99.0438903075156,19.350243193426973,1731.2379460543912,133.4855709235609,23.083172614058547,5.193713838163173,1.7798076123141455,0.4004567127706828
1335,0,499848.3163552242,2140415.7607482546,27.0,-99.0014442910965,19.357779747103372,190.99132342658464,190.99132342658464,2.5465509790211285,0.5729739702797539,2.5465509790211285,0.5729739702797539
134A,4839,500425.4447946384,2140273.120408819,309.0,-98.99594906028602,19.35649061930618,632.5062747774708,477.1476660409394,8.433416997032944,1.8975188243324126,6.3619688805458585,1.4314429981228183
1354,5489,487917.07288659207,2139369.6083921683,284.0,-99.1150436860176,19.348288998730805,965.1375261511821,89.33440366570483,12.868500348682428,2.8954125784535463,1.1911253822093977,0.2680032109971145
1369,6296,488487.5315901385,2139112.117849673,329.0,-99.1096107015961,19.345965320878623,165.59529888292997,165.59529888292997,2.207937318439066,0.4967858966487899,2.207937318439066,0.4967858966487899
1388,5484,489200.5220619188,2139070.063025619,290.0,-99.10282205933352,19.345589214611227,763.7171939219846,199.8467369633519,10.182895918959796,2.2911515817659542,2.6646231595113585,0.5995402108900557
141A,4046,492150.19736191566,2139309.088071344,251.0,-99.07473914256153,19.347763047639024,664.9259782843286,288.21671272468626,8.865679710457714,1.994777934852986,3.842889502995817,0.8646501381740588
1424,2881,492546.2404526284,2139102.246754085,294.0,-99.07096755128715,19.34589526054703,302.62690898007475,302.62690898007475,4.0350254530676635,0.9078807269402243,4.0350254530676635,0.9078807269402243
1439,2585,493030.8157517052,2139412.6297351,110.0,-99.06635502613568,19.34870203501514,723.860076056785,182.82523937102718,9.651467680757134,2.171580228170355,2.4376698582803624,0.5484757181130816
1443,1973,493444.4859996379,2139582.876818862,70.0,-99.06241697411244,19.35024200713951,1249.292070537189,112.58922786864186,16.65722760716252,3.747876211611567,1.5011897049152247,0.3377676836059256
1458,1726,493424.5581520543,2139267.9437800646,114.0,-99.06260562736618,19.34739578590072,1003.0140807883539,119.55557194645702,13.373521077178053,3.009042242365062,1.594074292619427,0.3586667158393711
1462,2160,493808.88246132113,2139172.66672954,150.0,-99.05894611849942,19.34653595538545,1303.4747370811945,157.93235084364076,17.379663161082593,3.9104242112435834,2.1057646779152104,0.4737970525309223
1477,2157,494089.7420846396,2139270.1672431454,38.0,-99.05627233489518,19.34741794616734,1470.988198855754,352.50561092053044,19.613175984743386,4.412964596567262,4.70007481227374,1.0575168327615914
1481,2435,494180.8791645277,2139062.569621465,10.0,-99.05540397402332,19.34554208161609,1249.1763858464312,376.24219335707915,16.655685144619085,3.7475291575392937,5.016562578094389,1.1287265800712376
1496,2524,495326.3038415037,2139175.114592059,195.0,-99.04449863959162,19.34656217864621,2046.8931707792867,17.063555552947207,27.291908943723822,6.140679512337861,0.2275140740392961,0.05119066665884162
1509,4535,496019.0630888385,2139829.611007144,277.0,-99.03790418976568,19.35247857680489,1310.356267884351,402.802096606015,17.47141690512468,3.9310688036530532,5.370694621413533,1.2084062898180452
1513,5064,496623.4111599481,2139826.360722315,442.0,-99.032149930286,19.35245030933706,673.868849208375,228.30297446275836,8.984917989445,2.021606547625125,3.044039659503445,0.6849089233882751
1566,9689,488295.31522165134,2138414.308562028,408.0,-99.11143651928468,19.339657876866987,1002.4078103204116,328.33434876397035,13.365437470938822,3.007223430961235,4.377791316852938,0.9850030462919112
1585,0,492000.6720238897,2138770.699418748,13.0,-99.07616053753354,19.342896857717648,965.8646140080343,255.84121442755455,12.878194853440458,2.897593842024103,3.411216192367394,0.7675236432826636
159A,6649,492207.5302960937,2138685.2106886827,272.0,-99.07419071960793,19.342125079304424,751.650938914114,114.26556382929778,10.022012518854854,2.254952816742342,1.5235408510573036,0.3427966914878933
1621,4393,493504.5746140116,2138476.490242876,157.0,-99.06184108662242,19.34024340939649,576.0317864813754,87.406242692188,7.680423819751672,1.7280953594441264,1.1654165692291734,0.26221872807656404
1636,2883,493799.65013863856,2138396.2384477886,174.0,-99.05903149741629,19.339519077647623,295.7530810965207,106.99144611420404,3.943374414620276,0.8872592432895622,1.426552614856054,0.32097433834261213
1640,4166,494121.65762496047,2138536.919583246,165.0,-99.05596620414576,19.34079142903123,613.5278020568899,301.3045678934275,8.180370694091865,1.8405834061706696,4.017394238579033,0.9039137036802825
1655,2448,494627.8382662821,2138435.54329845,217.0,-99.05114670302656,19.339876672455016,1099.629527111181,163.49626654576286,14.66172702814908,3.2988885813335433,2.1799502206101717,0.49048879963728864
166A,3498,495327.216170353,2138905.8670655694,196.0,-99.04448929384805,19.34412889837389,2174.89053190586,173.11949831517452,28.998540425411466,6.52467159571758,2.3082599775356605,0.5193584949455236
1674,3237,495747.080851345,2139197.021754621,174.0,-99.04049243722184,19.346761095533203,1572.7168078401126,59.75788904920349,20.96955743786817,4.7181504235203375,0.7967718539893799,0.17927366714761048
1689,2788,496075.20797984005,2139086.3106287923,132.0,-99.03736808120318,19.34576122856503,1198.8442458359805,326.9630429497414,15.98458994447974,3.5965327375079417,4.3595072393298855,0.9808891288492243
1693,2012,496384.5750640676,2139059.362480137,133.0,-99.03442253579291,19.34551826910923,853.5808179582197,280.54555581674435,11.381077572776261,2.560742453874659,3.7406074108899245,0.8416366674502331
1706,7319,496813.7818663602,2139278.192488044,544.0,-99.03033641483154,19.34749663728604,238.46250150499355,91.21356639795177,3.179500020066581,0.7153875045149807,1.2161808853060236,0.2736406991938553
1710,7600,497584.629674644,2139373.681692676,449.0,-99.02299718974714,19.348360680151654,556.4540930101621,170.65068304189123,7.419387906802161,1.6693622790304863,2.27534244055855,0.5119520491256737
1759,3567,495604.533862172,2138493.939008393,260.0,-99.04184802055777,19.34040678710277,2047.0932492076395,209.05465251369614,27.29457665610186,6.141279747622919,2.7873953668492817,0.6271639575410884
1763,6474,496037.0551056402,2138514.9233979345,410.0,-99.03773014938572,19.340597329344277,1504.3781047622606,211.84659691436227,20.058374730163475,4.513134314286782,2.824621292191497,0.6355397907430869
1778,6931,488724.139985968,2138157.5359672066,356.0,-99.10735230598564,19.33733978680739,1254.164267992118,79.54526043206802,16.722190239894907,3.7624928039763543,1.0606034724275737,0.23863578129620408
1814,3694,493644.5727374391,2138074.161143508,209.0,-99.06050686556893,19.33660786866466,265.31081917017474,223.77471593745173,3.5374775889356633,0.7959324575105242,2.983662879166023,0.6713241478123553
1833,3848,488910.400628265,2137696.0957183903,132.0,-99.10557632561598,19.33317062972915,1885.524020967548,316.9062689047957,25.14032027956731,5.656572062902645,4.225416918730609,0.9507188067143871
1848,3531,488699.9837329036,2137469.4795430363,106.0,-99.107578214226,19.331121450500177,2143.4233866059076,130.838852911425,28.578978488078768,6.430270159817723,1.7445180388189998,0.392516558734275
1852,5424,489011.5085492373,2137226.140030127,219.0,-99.10461104484862,19.32892403277432,2510.435192508048,130.44916258410353,33.47246923344064,7.531305577524145,1.739322167788047,0.3913474877523106
1867,11278,489572.2869401693,2136953.221369081,593.0,-99.09927091983008,19.32646055582408,2509.2889218972573,174.07932265291825,33.457185625296766,7.527866765691773,2.3210576353722434,0.5222379679587548
1890,5546,491896.5672365921,2136815.7856269064,397.0,-99.07714340796596,19.325229202172427,314.21054737744385,141.58267475178403,4.189473965032585,0.9426316421323316,1.8877689966904536,0.4247480242553521
1918,4953,493150.3562736608,2137146.600958591,247.0,-99.06520872562773,19.3282235571454,1135.9577654879981,135.91124405304765,15.146103539839975,3.4078732964639946,1.812149920707302,0.407733732159143
1941,4248,489900.6772808317,2136097.7478204938,135.0,-99.09614015403108,19.318731011752558,1893.8566760571682,386.3341610476864,25.25142234742891,5.681570028171505,5.151122147302485,1.1590024831430592
1960,3765,491803.9376339268,2136304.7779791583,316.0,-99.07802303462464,19.320610666938144,599.0071462151093,322.3007853354412,7.986761949534791,1.797021438645328,4.29734380447255,0.9669023560063237
1975,3499,492189.5432619068,2136446.122693824,75.0,-99.07435281280976,19.321889583506003,685.3113141805392,249.57824673558514,9.137484189073856,2.0559339425416177,3.3277099564744685,0.7487347402067555
198A,6035,492394.274491757,2136028.5295089465,357.0,-99.07240218239096,19.318116425875424,592.2020937332582,166.7571795176044,7.896027916443442,1.7766062811997745,2.2234290602347255,0.5002715385528133
1994,13946,492755.3139725351,2136329.5522453478,181.0,-99.06896643484488,19.32083820991781,43.953789592550045,43.953789592550045,0.5860505279006673,0.13186136877765015,0.5860505279006673,0.13186136877765015
2047,9950,492939.1338751833,2135741.7875153315,373.0,-99.06721437436622,19.315527017588444,624.0491281050266,22.81304503013767,8.320655041400356,1.87214738431508,0.30417393373516893,0.06843913509041301
2051,11206,494332.7517016092,2135710.3298866847,324.0,-99.05394804520576,19.315247128116788,1462.6268529128845,1011.5648520810745,19.501691372171795,4.387880558738654,13.487531361080993,3.0346945562432235
2070,4041,491500.592450528,2134756.290913968,329.0,-99.08090386565308,19.30661516050384,488.43469225785054,69.41484299412745,6.512462563438008,1.4653040767735517,0.9255312399216994,0.20824452898238238
2085,5799,491614.5254427836,2134969.951680333,233.0,-99.0798203018351,19.30854657041576,552.5994821852211,175.71969601947075,7.367993095802947,1.6577984465556632,2.34292928025961,0.5271590880584123
209A,3734,492403.3344622721,2135143.149906347,443.0,-99.0723124184253,19.31011495705726,581.1149486600882,233.65432855595571,7.748199315467843,1.7433448459802647,3.115391047412743,0.7009629856678672
2102,3577,492734.08259405295,2135163.008940054,412.0,-99.06916411464776,19.310295650920622,633.2197715386068,119.43173250077467,8.442930287181424,1.8996593146158205,1.592423100010329,0.358295197502324
2117,3108,492662.92752817663,2134823.712725354,206.0,-99.06984013608545,19.30722904558614,546.7324006392516,160.29929395385736,7.289765341856689,1.640197201917755,2.1373239193847646,0.4808978818615721
2121,146,493340.5402974941,2134819.3485054704,111.0,-99.0633900625607,19.30719195855902,341.09271932930363,341.09271932930363,4.547902924390715,1.0232781579879109,4.547902924390715,1.0232781579879109
2140,7841,492109.5719623736,2134522.1845890377,313.0,-99.07510617071728,19.304501930503115,1306.6901583913577,253.13045926731775,17.422535445218102,3.9200704751740734,3.3750727902309032,0.7593913778019533
2155,3769,492498.4208971013,2134277.208143548,301.0,-99.07140389792048,19.302289470442403,1000.3042865963994,94.51454291872527,13.337390487951991,3.0009128597891985,1.2601939055830036,0.28354362875617584
216A,3673,492820.64196297794,2134289.5376247726,183.0,-99.06833687959563,19.30240207051393,721.6003951228163,89.10373769132536,9.62133860163755,2.164801185368449,1.188049835884338,0.2673112130739761
2174,2349,493080.8467988516,2134546.7028735187,153.0,-99.06586104545578,19.30472708132281,302.85976061305473,302.85976061305473,4.038130141507397,0.9085792818391643,4.038130141507397,0.9085792818391643
2189,2349,493086.0747414132,2134130.325822551,81.0,-99.06580977767676,19.300964140657367,844.1736158760737,491.2532440061833,11.255648211680983,2.5325208476282213,6.550043253415778,1.47375973201855
2193,2575,492937.32476472826,2133660.0227590348,67.0,-99.06722390873858,19.296713314456053,1467.508060051713,454.76558266881597,19.56677413402284,4.402524180155139,6.06354110225088,1.364296748006448
2206,1638,493187.4938478769,2133708.0948691354,31.0,-99.06484292330316,19.29714862185145,1399.8892349229807,384.21099165398607,18.665189798973074,4.199667704768943,5.122813222053147,1.1526329749619584
2371,1682,496532.5539268808,2143733.0241429466,112.0,-99.03302213073655,19.38775592293403,1634.0039259693542,505.83688279998387,21.786719012924724,4.902011777908063,6.744491770666452,1.5175106483999516
2386,3610,496563.0712886836,2143562.1654604287,189.0,-99.03273119092565,19.386211873698247,1663.6950495282504,551.0511840550438,22.18260066037667,4.991085148584752,7.347349120733917,1.6531535521651315
2390,3965,491631.2668037143,2143396.050274238,713.0,-99.07969790321933,19.384696126024284,3896.2785613290403,844.3702326227603,51.950380817720536,11.688835683987122,11.258269768303471,2.533110697868281
2403,293,491560.029069656,2142885.9300814867,629.0,-99.08037405894618,19.38008571800447,3332.8883755745414,845.3998781205698,44.438511674327216,9.998665126723624,11.271998374940932,2.5361996343617097
2437,5076,496086.5074270135,2142251.8406759496,208.0,-99.03726699740342,19.374369189509785,2030.192629522017,425.78014701270155,27.069235060293558,6.090577888566051,5.677068626836021,1.2773404410381046
2441,4457,496483.0882295019,2142281.98235516,168.0,-99.03349053541685,19.374642323538747,2308.408025229162,384.0484712864536,30.77877366972216,6.9252240756874865,5.120646283819381,1.152145413859361
2456,4606,489623.8380690321,2142659.445109563,187.0,-99.0988112026295,19.37802982606176,2357.676727152868,154.3420538018722,31.435689695371572,7.073030181458604,2.0578940506916292,0.46302616140561664
2460,4473,489406.8242001436,2142204.0286083845,222.0,-99.10087526948178,19.37391295570649,2228.75055630389,97.53599105491611,29.716674084051864,6.68625166891167,1.3004798807322149,0.29260797316474835
2475,68,490267.5423811009,2142151.807057505,7326.0,-99.09267867966255,19.373445372058303,2786.008373124332,362.06046520576285,37.14677830832443,8.358025119372996,4.827472869410172,1.0861813956172885
2494,1941,499928.9181466149,2141227.2087870045,88.0,-99.00067685265635,19.36511307553376,789.7354717504733,41.920221937795205,10.52980629000631,2.36920641525142,0.5589362925039361,0.12576066581338563
2507,2181,499831.6167543818,2141079.783218361,95.0,-99.00160335888498,19.363780736609776,810.3998240127665,189.36423304373898,10.805330986836887,2.4311994720383,2.524856440583186,0.568092699131217
2511,996,486885.73266592046,2141338.702382127,11.0,-99.12487678585548,19.366077852411863,563.5636431558421,404.07562436247855,7.514181908744561,1.6906909294675263,5.387674991499714,1.2122268730874357
2526,1056,487084.65403765946,2141478.614169934,26.0,-99.1229835666837,19.367343567207087,324.39635572096785,190.8372194377266,4.325284742946238,0.9731890671629035,2.544496259169688,0.5725116583131798
2530,10096,498090.7511400307,2140224.024590668,441.0,-99.01817916466634,19.356046061731035,412.5372467817627,168.47612985785543,5.500496623756836,1.2376117403452882,2.246348398104739,0.5054283895735663
2545,6946,497810.86116119294,2139894.347537728,289.0,-99.02084379540442,19.35306637375499,770.809729066804,366.12215450944143,10.277463054224054,2.3124291872004124,4.881628726792552,1.0983664635283243
255A,4901,491340.1308508541,2139669.560654545,215.0,-99.08245353752558,19.35101743131133,734.4102060196565,541.4911118949859,9.792136080262086,2.2032306180589694,7.219881491933146,1.6244733356849579
2564,6800,499555.1429244916,2139969.371715473,371.0,-99.00423570594592,19.35374553592785,860.866966976892,523.2437332349197,11.47822622635856,2.582600900930676,6.976583109798929,1.5697311997047592
2579,4417,499063.1405172849,2139923.877947981,207.0,-99.00892028371332,19.353334224198942,471.01119874082065,471.01119874082065,6.280149316544275,1.413033596222462,6.280149316544275,1.413033596222462
2600,4667,498496.723776155,2139648.029337436,326.0,-99.0143131887694,19.350840942764723,338.983148649234,63.13310853652515,4.51977531532312,1.016949445947702,0.841774780487002,0.18939932560957545
2615,7690,499838.47633610014,2139743.396806398,273.0,-99.001537928175,19.351703366833068,541.0454578183703,541.0454578183703,7.213939437578271,1.623136373455111,7.213939437578271,1.623136373455111
262A,5432,500300.73159452016,2139631.9906654493,241.0,-98.99713663779184,19.350696535595727,386.62343518328464,317.1545257397728,5.154979135777128,1.159870305549854,4.228727009863637,0.9514635772193184
2634,4200,500468.4134667561,2139790.676447297,218.0,-98.9955400458018,19.35213060090714,686.50801596717,109.96792572527787,9.1534402128956,2.05952404790151,1.4662390096703715,0.32990377717583363
2649,4309,500828.0333535967,2139875.178236675,212.0,-98.99211592264122,19.352894156218884,1123.2215569599784,238.39917715914356,14.976287426133046,3.3696646708799354,3.1786556954552476,0.7151975314774307
2653,3427,500993.81284790783,2139384.424719427,341.0,-98.99053771735,19.348458974243908,1168.0257514532173,441.21556597299804,15.573676686042896,3.504077254359652,5.882874212973307,1.3236466979189943
2668,3460,501231.21638047,2139362.300406652,101.0,-98.9882773671144,19.348258897824937,1477.584687205384,600.2689970148117,19.701129162738454,4.432754061616152,8.003586626864156,1.8008069910444353
2672,1034,490245.40237378754,2138292.002363382,22.0,-99.0928697649404,19.33856295985175,2375.0469712727668,895.8624451026526,31.66729295030356,7.125140913818301,11.9448326013687,2.687587335307958
2687,4656,491270.9556438946,2139237.6691650804,102.0,-99.08311020119912,19.34711398479096,1060.0330609940945,96.81271471133043,14.133774146587927,3.180099182982284,1.2908361961510724,0.2904381441339913
2691,7217,498134.1121734909,2139044.479016405,330.0,-99.01776514301108,19.345386147461685,411.6421659854523,242.1800631909687,5.488562213139364,1.234926497956357,3.229067509212916,0.7265401895729061
2704,5016,500103.89342646,2139247.364229182,231.0,-98.99901081822836,19.347220554498477,219.95340009817969,219.95340009817969,2.9327120013090626,0.6598602002945391,2.9327120013090626,0.6598602002945391
2719,4678,500727.8336139094,2139301.538518532,209.0,-98.99307018823474,19.34771001709772,834.9673678228819,146.75691376633597,11.132898237638425,2.5049021034686456,1.956758850217813,0.44027074129900795
2723,3252,501627.39135699504,2139122.881193729,73.0,-98.9845055181342,19.34609490226291,1275.2660454882925,439.7556027606377,17.003547273177233,3.825798136464878,5.863408036808503,1.3192668082819132
2738,6698,499082.2101332868,2138984.069152481,493.0,-99.00873826068606,19.344840859065787,1113.5857612393736,125.33590909121337,14.847810149858315,3.340757283718121,1.6711454545495115,0.3760077272736401
2757,5483,498008.73341797217,2138608.5316048567,322.0,-99.0189584208659,19.341446218837465,946.0077931777545,62.164695730028164,12.61343724237006,2.8380233795332637,0.8288626097337088,0.1864940871900845
2776,7954,497431.8849893985,2138530.887638887,434.0,-99.02445036588428,19.340743869111417,655.4629325595334,146.3940351105225,8.739505767460447,1.9663887976786005,1.9519204681403002,0.43918210533156754
2780,6872,498816.5512716537,2138820.3497869247,378.0,-99.01126749232196,19.343361131449225,998.084338970464,291.7026820285086,13.307791186272853,2.9942530169113923,3.889369093713448,0.8751080460855258
2795,4830,500033.70988229,2139007.259655898,301.0,-98.9996790484106,19.3450506489176,537.9534507378947,100.64151817637234,7.172712676505263,1.6138603522136843,1.3418869090182979,0.30192455452911704
2808,4320,493106.6025902717,2138655.38853285,195.0,-99.0656307087548,19.34185884989393,219.18218638314036,219.18218638314036,2.922429151775205,0.6575465591494212,2.922429151775205,0.6575465591494212
2812,3581,492750.08186610346,2138517.468564062,168.0,-99.069024548183,19.34061116573686,291.6611750525837,162.34569607084424,3.8888156673677825,0.8749835251577511,2.16460928094459,0.4870370882125328
2831,4795,491703.7056286376,2137865.2325298456,274.0,-99.0789839776633,19.33471263830961,1274.3584656936096,496.177996268735,16.991446209248128,3.823075397080829,6.615706616916467,1.488533988806205
2846,4936,492687.76027979545,2138204.9333269345,167.0,-99.06961669787042,19.33778645108905,585.4196086436066,325.05448612056324,7.805594781914754,1.7562588259308198,4.334059814940844,0.9751634583616898
2850,3639,493191.3742958636,2138093.6084611043,271.0,-99.06482161015506,19.336782137631637,664.2734356103539,188.1776351988419,8.856979141471385,1.9928203068310617,2.5090351359845586,0.5645329055965257
287A,2859,493885.9161026894,2138002.4495398365,287.0,-99.05820892652427,19.33596053395861,232.0464064517015,232.0464064517015,3.0939520860226866,0.6961392193551046,3.0939520860226866,0.6961392193551046
2884,3464,494244.25194646674,2138114.5319763706,139.0,-99.05479774150211,19.336974519694238,529.757022968959,143.7065715372005,7.063426972919452,1.589271068906877,1.9160876204960064,0.4311197146116015
2899,6559,496487.7524413329,2138304.315290962,300.0,-99.03343879238186,19.33869482787835,1151.6310488401439,238.985583047664,15.355080651201918,3.454893146520432,3.18647444063552,0.716956749142992
2901,7668,496867.5102893442,2138065.4083740874,275.0,-99.02982286862076,19.33653636923788,1165.572677577695,312.4174719959149,15.540969034369267,3.496718032733085,4.165566293278865,0.9372524159877448
2920,5442,500319.74951151,2138813.468907183,282.0,-98.99695569927184,19.343299269446184,836.0513812671542,254.27988171465032,11.147351750228722,2.5081541438014625,3.3903984228620043,0.762839645143951
2935,5663,500627.7987643788,2138992.527607791,253.0,-98.99402273654644,19.344917412541808,884.1522397309835,68.32337907999752,11.788696529746447,2.652456719192951,0.9109783877333003,0.20497013723999258
294A,3012,501057.42010442656,2138762.850917869,338.0,-98.98993244495207,19.342841564378496,1511.363450565,29.21153308814639,20.1515126742,4.534090351695,0.38948710784195184,0.08763459926443917
2954,1974,501417.23742240114,2138759.8112802263,74.0,-98.98650667482674,19.34281387266227,1215.7540347960457,170.67374298246887,16.21005379728061,3.6472621043881372,2.275649906432918,0.5120212289474066
2969,2472,501764.0738061259,2138781.768707634,44.0,-98.98320447248194,19.3430120351641,839.8545503821805,115.69796505126986,11.198060671762407,2.519563651146542,1.5426395340169314,0.3470938951538096
2973,3752,500962.33902384486,2138548.3681336567,135.0,-98.99083780731762,19.34090325623532,1594.3666031972134,112.17928044957432,21.258221375962844,4.783099809591641,1.4957237393276577,0.336537841348723
2988,7510,489759.1867830502,2137597.8319773083,282.0,-99.09749510787934,19.33228708667204,2471.5535539195535,43.44438304896896,32.954047385594045,7.414660661758661,0.5792584406529194,0.13033314914690688
3026,2493,493929.8340441205,2137312.611790978,138.0,-99.05778861449122,19.32972635902464,615.329443403706,220.2325326525781,8.20439257871608,1.8459883302111182,2.9364337687010416,0.6606975979577343
3030,5682,494908.5169219051,2137554.0039243903,219.0,-99.0484720974597,19.33191062078915,1199.1332031028367,399.0858437624656,15.988442708037821,3.59739960930851,5.321144583499541,1.1972575312873968
3045,6787,495353.2281369199,2137690.62877858,322.0,-99.0442386772042,19.33314642467688,1744.9609286217533,193.60199084833707,23.26614571495671,5.23488278586526,2.5813598779778277,0.5808059725450112
305A,6494,495876.9381861134,2137863.513141549,358.0,-99.0392531729744,19.334709983757065,2124.685990512068,150.03768240231778,28.32914654016091,6.374057971536205,2.000502432030904,0.4501130472069534
3064,7629,495843.63949894,2137377.946155625,308.0,-99.039569132646,19.33032167311124,2435.066202586147,87.74750134802518,32.467549367815295,7.305198607758442,1.1699666846403358,0.26324250404407556
3079,6741,495527.2844455804,2137163.385264061,488.0,-99.04258037388986,19.328381930726664,2123.7557832943867,48.578707388592974,28.316743777258488,6.37126734988316,0.647716098514573,0.14573612216577894
3083,5621,498216.9987434719,2138025.1521024616,356.0,-99.01697502663124,19.336174208197164,1725.300763274078,114.23394132945128,23.004010176987705,5.175902289822234,1.523119217726017,0.34270182398835386
3100,5076,499148.6680937846,2138302.947745832,282.0,-99.00810521181616,19.33868535594595,1795.9414221735765,246.04971626448585,23.94588562898102,5.38782426652073,3.280662883526478,0.7381491487934576
3115,5980,500153.15801498113,2138473.363069006,260.0,-98.99854182629652,19.34022563360353,1228.1670378493993,9.479503842937905,16.375560504658658,3.684501113548198,0.1263933845725054,0.028438511528813718
3134,1927,501090.4476406962,2138141.07947634,95.0,-98.98961834943871,19.33722237973353,1571.281617722095,565.4660194604172,20.950421569627935,4.713844853166285,7.539546926138896,1.6963980583812517
3149,3862,501339.7740867548,2138441.853637248,153.0,-98.98724441592658,19.339940431277743,1216.9564355254809,237.51374410166724,16.226085807006413,3.6508693065764426,3.1668499213555634,0.7125412323050018
3153,3560,501770.6147693599,2138489.457543524,170.0,-98.98314246798304,19.340370311260067,668.4898537750357,317.5351089157824,8.91319805033381,2.0054695613251075,4.233801452210432,0.9526053267473473
3204,6595,496066.8857406105,2137238.987970493,250.0,-99.03744351141964,19.329066306820724,2584.589336215128,228.35770233065676,34.46119114953504,7.753768008645384,3.044769364408757,0.6850731069919703
3219,7613,496370.3230229933,2137210.922200756,395.0,-99.03455471522048,19.32881323662582,2432.7461457824866,340.13238213475825,32.43661527709982,7.29823843734746,4.535098428463443,1.0203971464042747
3223,7231,496721.4937781823,2137649.9775819066,299.0,-99.0312123053327,19.33278174074522,1737.462119735555,133.98369742145664,23.166161596474065,5.212386359206666,1.7864492989527552,0.4019510922643699
3238,6000,497738.8102795581,2137914.137467184,201.0,-99.02152747832685,19.335170448718856,1542.8325485450516,225.91632884892147,20.571100647267354,4.628497645635155,3.0122177179856195,0.6777489865467644
3242,8092,499536.1080966588,2138325.191015464,274.0,-99.00441654626218,19.338886502922325,1594.3102401588567,218.68385970644107,21.257469868784757,4.78293072047657,2.9157847960858807,0.6560515791193232
3257,4049,498369.0263861534,2137603.023084478,119.0,-99.01552729005525,19.332359406630207,2300.7264654480728,160.3699651786009,30.67635287264097,6.902179396344219,2.1382662023813452,0.4811098955358027
3276,6422,497901.69958401815,2137483.648562184,262.0,-99.01997623056658,19.331280143017832,2133.5809741170087,136.85788774459394,28.447746321560118,6.400742922351027,1.8247718365945857,0.41057366323378186
3295,5190,495241.3125231872,2137114.571886787,313.0,-99.04530271215334,19.32794013061283,1814.1560822843815,54.18036877729669,24.188747763791753,5.442468246853145,0.7224049170306226,0.1625411063318901
3327,7178,494076.36886704696,2136556.082598632,220.0,-99.0563912422321,19.322889768589008,1591.1310424650608,298.61213797061697,21.21508056620081,4.773393127395183,3.9814951729415595,0.895836413911851
3346,6680,499717.45218385727,2137900.282950173,326.0,-99.00268997220986,19.33504649173556,2031.3900876781272,307.8499772781331,27.085201169041696,6.094170263034382,4.104666363708441,0.9235499318343994
3365,2467,501634.5109523973,2138295.7345179734,73.0,-98.98443844052171,19.338619683384334,839.6982964819371,329.03106692930464,11.195977286425828,2.519094889445811,4.3870808923907285,0.987093200787914
337A,7522,493358.99746440974,2136285.8235059534,368.0,-99.0632194667478,19.32044509954433,768.8368119384535,96.02125081456626,10.251157492512712,2.3065104358153605,1.2802833441942167,0.2880637524436988
3401,7248,496132.50559401687,2136768.363164321,294.0,-99.03681785326472,19.324813226991864,3051.2754403381655,186.69132973164528,40.683672537842206,9.153826321014497,2.4892177297552704,0.5600739891949359
3420,4302,501733.7562474752,2137701.393613448,55.0,-98.98349410343884,19.33324833038864,1133.2018532811844,736.7218203866731,15.109358043749125,3.3996055598435535,9.822957605155642,2.2101654611600194
3488,4965,491258.9388350168,2134731.9905086025,226.0,-99.0832039968684,19.30639451456249,224.76558521538948,21.487498118485647,2.9968744695385263,0.6742967556461684,0.28649997491314194,0.06446249435545694
3492,5625,491157.9038546413,2134365.216698369,201.0,-99.08416402765148,19.303079400557337,638.3274470790642,425.7708728237187,8.511032627720857,1.9149823412371927,5.676944970982916,1.2773126184711563
3505,5709,491795.5550847532,2134191.9435685943,157.0,-99.07809376707132,19.301516162716226,1214.472074842175,438.90571416030843,16.192960997895668,3.6434162245265256,5.852076188804112,1.3167171424809254
351A,5705,492113.1783305875,2133824.0627143304,302.0,-99.07506896518628,19.29819275053809,1768.2929525258332,467.61083130770623,23.57723936701111,5.3048788575775,6.23481108410275,1.4028324939231187
3539,4545,491996.8926273309,2133478.7474132623,142.0,-99.07617436013923,19.295071544307067,2109.6790974087867,413.3599361781549,28.129054632117157,6.32903729222636,5.511465815708732,1.2400798085344649
3558,1463,495334.6822310454,2143850.1631915257,75.0,-99.04443031502387,19.38881211483912,342.9470786985642,342.9470786985642,4.572627715980857,1.0288412360956927,4.572627715980857,1.0288412360956927
3562,1809,495674.5748808548,2143645.1519743223,59.0,-99.04119287029644,19.38696012856506,513.0087832946676,104.92656535031061,6.8401171105955685,1.539026349884003,1.3990208713374748,0.31477969605093187
3577,2169,495848.0137774505,2143493.4299364984,128.0,-99.03954080693472,19.385589337028527,744.6474570976551,303.14430316599885,9.928632761302067,2.2339423712929656,4.041924042213318,0.9094329094979966
3581,3942,495258.65553799353,2143442.3778415704,54.0,-99.04515334176358,19.38512665709135,196.35935321557434,188.57006278668186,2.618124709540991,0.5890780596467231,2.514267503822425,0.5657101883600456
3596,4594,495415.5206747877,2143188.5780773554,72.0,-99.0436588538866,19.38283335581464,550.949364281702,520.1301950853983,7.345991523756026,1.652848092845106,6.935069267805311,1.560390585256195
3613,1441,495772.0048812358,2144018.151925587,89.0,-99.04026583171816,19.39033124919956,843.1655041754035,178.31236074993737,11.242206722338713,2.5294965125262108,2.3774981433324984,0.5349370822498122
3628,1158,495958.8794048379,2144074.5563579355,5.0,-99.038486229302,19.39084137827443,1079.4269783074733,412.1490905952271,14.39235971076631,3.23828093492242,5.495321207936361,1.2364472717856814
3632,6682,487968.61922422,2142694.736772231,120.0,-99.11457389533682,19.37833952492622,283.47099809710215,207.44555866338484,3.779613307961362,0.8504129942913065,2.7659407821784647,0.6223366759901545
3647,2443,487915.3430477768,2142163.5377312223,81.0,-99.11507786867166,19.37353860093068,907.3378442875447,545.3678413791323,12.09783792383393,2.7220135328626345,7.271571218388431,1.636103524137397
3651,2692,491569.94764003466,2141226.6145115835,158.0,-99.0802722606819,19.3650900099319,1533.2857292385836,753.8258105778585,20.443809723181115,4.5998571877157515,10.051010807704781,2.2614774317335757
3666,1770,491950.067985717,2141027.3929438866,21.0,-99.07665185701212,19.363291140881344,1173.1980524571197,808.0755643307175,15.642640699428263,3.519594157371359,10.7743408577429,2.4242266929921525
3670,4143,492396.72028949,2140704.7329506627,80.0,-99.07239752686468,19.360376899206333,478.0611547263458,419.19828513187383,6.374148729684611,1.4341834641790376,5.589310468424984,1.2575948553956215
369A,2858,500027.1716255474,2141762.044224136,84.0,-98.99974125985486,19.36994655789242,193.3094445114866,193.3094445114866,2.5774592601531547,0.5799283335344598,2.5774592601531547,0.5799283335344598
3702,2668,500068.84478548495,2141465.0522527564,71.0,-98.99934444046534,19.36726254445716,535.5197525122855,393.3181950092388,7.140263366830474,1.6065592575368568,5.244242600123184,1.1799545850277164
3717,2261,500234.9086195301,2141428.212257072,88.0,-98.99776313817364,19.36692959689164,585.6996856754386,452.69546548939144,7.80932914233918,1.7570990570263159,6.0359395398585525,1.3580863964681744
3721,4549,493426.8000556293,2140849.9081369955,94.0,-99.06258973491413,19.36169252992723,925.6939310213422,408.0958012587519,12.34258574695123,2.777081793064027,5.4412773501166924,1.224287403776256
3740,4482,489561.09098426095,2140024.92507716,259.0,-99.09939430440537,19.35422052108371,1114.6663968461771,56.70875313892344,14.862218624615695,3.3439991905385313,0.7561167085189792,0.17012625941677034
3755,3456,489956.7011580152,2139609.8633714397,45.0,-99.0956253116106,19.350471489365678,1607.01239001489,654.4640925897796,21.4268318668652,4.82103717004467,8.726187901197061,1.963392277769339
376A,1613,490532.7085617388,2140376.6077988828,116.0,-99.09014478108836,19.35740360528411,743.6090717220817,402.97397182164667,9.91478762296109,2.2308272151662454,5.372986290955289,1.20892191546494
3774,3474,490754.3976492136,2140040.2132083992,133.0,-99.08803229318548,19.354364530573317,430.9684726814196,430.9684726814196,5.746246302418928,1.292905418044259,5.746246302418928,1.292905418044259
3789,3719,489376.2832537298,2139574.7491939277,59.0,-99.101151445713,19.350151166468056,1155.5877512798966,223.9631837969959,15.407836683731954,3.46676325383969,2.986175783959945,0.6718895513909877
3793,4417,489593.4612377114,2139638.0241526943,198.0,-99.09908397954771,19.350724139367983,1374.616990470148,335.15304990347886,18.328226539601975,4.1238509714104445,4.468707332046384,1.0054591497104366
3806,2080,488956.445060575,2138778.822154624,135.0,-99.10514423321496,19.34295584802252,624.0279833299066,326.35402735802285,8.320373111065422,1.87208394998972,4.3513870314403045,0.9790620820740686
3810,5245,488916.9474223288,2138627.981844913,81.0,-99.10551940854972,19.341592436421305,746.2154125183301,426.3684678961016,9.949538833577735,2.2386462375549905,5.6849129052813545,1.279105403688305
3825,3400,489333.7113046476,2138477.287883536,130.0,-99.10155064997808,19.34023281857118,1250.1641091736024,579.6100071639756,16.668854788981363,3.7504923275208073,7.728133428853009,1.738830021491927
383A,3575,493012.4270908416,2139008.637466545,187.0,-99.0665286286078,19.345050956229,385.5407796143071,145.4654946112959,5.140543728190761,1.1566223388429213,1.939539928150612,0.43639648383388774
3844,1550,493301.70548870007,2138859.1440751352,23.0,-99.06377388769788,19.343700918125958,583.9884599859741,335.76531281219235,7.786512799812988,1.7519653799579225,4.476870837495898,1.0072959384365772
3859,2090,494901.4712826512,2138011.4829437626,115.0,-99.0485403951456,19.33604500291654,1193.04940261334,160.58933307633825,15.907325368177865,3.57914820784002,2.14119110768451,0.48176799922901475
3863,4153,495146.46585717023,2138421.9722145437,326.0,-99.04620897566048,19.339755344572925,1693.5066962715919,296.18939620815064,22.580089283621223,5.080520088814776,3.9491919494420085,0.888568188624452
3897,3937,492324.23703235865,2135720.464452468,265.0,-99.07306766167191,19.31533206301486,276.81227492396584,276.81227492396584,3.6908303323195444,0.8304368247718976,3.6908303323195444,0.8304368247718976
390A,4006,491970.8678183655,2135647.1020886293,254.0,-99.07643116839051,19.314667682223096,638.8612744169034,638.8612744169034,8.518150325558711,1.9165838232507102,8.518150325558711,1.9165838232507102
3914,5355,491754.3498968562,2135281.4690955887,81.0,-99.0784906742638,19.311362446667143,298.9381343830158,219.61388693110226,3.985841791773544,0.8968144031490474,2.9281851590813632,0.6588416607933069
3967,3638,490509.4483770829,2139731.713748928,63.0,-99.0903630480465,19.351575377816527,911.0789349979232,911.0789349979232,12.147719133305642,2.7332368049937696,12.147719133305642,2.7332368049937696
3971,4809,491072.4829522978,2139680.334015657,67.0,-99.0850019518908,19.35111362250256,625.9674573550483,625.9674573550483,8.346232764733976,1.8779023720651449,8.346232764733976,1.8779023720651449
3986,2232,491435.3023925085,2138312.191233886,10.0,-99.08154128511094,19.3387508335838,1866.396793446486,153.8148492274947,24.88529057928648,5.599190380339459,2.050864656366596,0.46144454768248416
3990,3618,491290.9793864988,2138243.8322640075,102.0,-99.08291501756996,19.33813243021046,1960.6579818525538,65.66356586143907,26.142106424700717,5.881973945557662,0.8755142114858543,0.19699069758431723
401A,2883,489273.22292211937,2137980.737293107,48.0,-99.1021237514108,19.33574500070647,1706.13682354607,104.59663119768251,22.748490980614267,5.11841047063821,1.3946217493024335,0.31378989359304754
4024,8391,489700.14281634137,2138235.546092124,187.0,-99.09806066093547,19.338050026446176,1816.8287026898224,665.8309254496353,24.224382702530967,5.450486108069468,8.877745672661804,1.9974927763489059
4039,5385,494323.3633695442,2137842.258721292,146.0,-99.05404374993007,19.33451411537881,410.86559176064395,184.1956767581348,5.47820789014192,1.232596775281932,2.4559423567751306,0.5525870302744044
4043,4417,494696.5083245975,2137969.2514791656,226.0,-99.05049162118964,19.33566281225749,921.5054619955359,303.2109333954276,12.286739493273812,2.764516385986608,4.042812445272368,0.9096328001862829
4058,3227,493749.5289368032,2137424.3231164585,212.0,-99.05950550289388,19.330735381997147,574.4243740439879,175.19994008485645,7.658991653919839,1.7232731221319637,2.3359992011314192,0.5255998202545694
4062,2990,493397.0862222984,2136908.795144647,96.0,-99.06285903133904,19.32607524548355,1082.1911569634153,202.65314722464447,14.429215426178871,3.246573470890246,2.7020419629952594,0.6079594416739335
4077,4751,498465.1713117357,2138237.988097736,96.0,-99.01461247600238,19.338097887159364,1544.96235929217,260.3362260030375,20.5994981238956,4.6348870778765106,3.4711496800405,0.7810086780091126
4081,5245,498803.5686868509,2138311.9221978863,108.0,-99.01139077943569,19.338766285520677,1569.3685484359723,334.9149452985372,20.924913979146297,4.708105645307917,4.4655326039804955,1.0047448358956117
4096,6341,496788.4568818229,2137125.8149006628,228.0,-99.03057391629928,19.32804480203943,2379.4089527041715,563.0254164508123,31.725452702722286,7.138226858112515,7.507005552677497,1.689076249352437
4109,7678,496792.8546662321,2136754.205901977,195.0,-99.03053142546992,19.32468644334732,2855.0459390661263,548.489032254057,38.06727918754835,8.56513781719838,7.3131870967207595,1.645467096762171
4113,2033,492358.2059776847,2137848.2544481023,72.0,-99.07275281347216,19.334561794618164,1202.7623605616402,498.4144566692901,16.036831474155203,3.608287081684921,6.645526088923868,1.4952433700078702
4128,1861,492768.9862119765,2137950.955145245,6.0,-99.06884241902743,19.33549145549724,827.8591982321072,388.54166012072255,11.038122643094763,2.483577594696322,5.1805554682763,1.1656249803621677
4147,508,492139.9425910641,2137594.539396664,12.0,-99.07482971902918,19.33226804171467,823.2556903069849,365.7170930941176,10.976742537426466,2.469767070920955,4.876227907921568,1.097151279282353
4151,1449,492489.9490551353,2137586.4483910105,54.0,-99.07149753980929,19.33219625759165,963.9188054165691,223.91449498668868,12.852250738887587,2.891756416249707,2.985526599822516,0.6717434849600661
4166,2650,492366.50147092826,2137360.968153472,56.0,-99.07267188931158,19.33015804843141,631.0660283175939,68.17591737788293,8.414213710901253,1.8931980849527819,0.9090122317051057,0.2045277521336488
4170,4478,493828.3530595829,2136298.6530777877,168.0,-99.05875144808896,19.32056253883975,1375.339840963238,173.50944103576342,18.337864546176505,4.126019522889714,2.313459213810179,0.5205283231072902
4185,3902,493622.79827053,2135940.201069587,155.0,-99.06070704516236,19.31732243564632,1232.577837969444,87.14030701309197,16.43437117292592,3.6977335139083323,1.1618707601745597,0.26142092103927594
419A,3319,494605.0874553031,2137072.487205505,22.0,-99.05135945521978,19.327558190912463,1197.092468027631,252.01986624600028,15.961232907035079,3.591277404082893,3.3602648832800037,0.7560595987380009
4202,3513,494819.7068879432,2136841.9646098665,218.0,-99.0493156581214,19.32547543885552,1606.1254721999453,45.08436285940876,21.41500629599927,4.818376416599836,0.6011248381254501,0.1352530885782263
4217,3246,494973.19586703874,2136674.047088296,88.0,-99.04785402330076,19.323958296429435,1901.7603808431893,184.65652836616985,25.35680507790919,5.705281142529568,2.4620870448822645,0.5539695850985096
4236,8000,495496.2148642997,2136380.9255343666,250.0,-99.0428743124872,19.321310488000368,2648.4606111842886,222.51563590679623,35.312808149123846,7.945381833552866,2.9668751454239497,0.6675469077203887
4240,5046,497263.0465619151,2137169.661030163,206.0,-99.02605588193536,19.32844175693032,2291.033317886087,350.12908106910567,30.547110905147825,6.8730999536582615,4.668387747588076,1.0503872432073171
426A,5157,502443.5668633742,2137351.921395854,412.0,-98.97673693402426,19.330089287433516,1361.3714418875838,199.44972690489422,18.151619225167785,4.0841143256627515,2.6593296920652563,0.5983491807146827
4274,6175,502422.84403780894,2137010.383139303,141.0,-98.9769346511746,19.327002707573744,1797.8623628450466,391.70672481343655,23.97149817126729,5.39358708853514,5.2227563308458205,1.1751201744403097
4289,3047,502912.2941153325,2137118.784385288,98.0,-98.97227494707192,19.327981720110294,1843.6855957271584,77.95561754829367,24.582474609695446,5.531056787181476,1.039408233977249,0.23386685264488102
4293,5256,503195.6966113795,2137231.441651503,244.0,-98.96957676583064,19.328999414418213,1919.7194187967762,153.6270408123162,25.59625891729035,5.759158256390329,2.048360544164216,0.4608811224369487
4306,1814,491446.6483334912,2134125.995869283,83.0,-99.08141452843348,19.300918717447853,1030.0058013038863,130.14407750148533,13.733410684051817,3.0900174039116592,1.735254366686471,0.390432232504456
4310,2911,491782.3578721866,2133924.305063918,71.0,-99.0782182347919,19.29909735743033,1472.2611593784607,285.0561792329193,19.63014879171281,4.4167834781353825,3.800749056438924,0.855168537698758
4325,1681,491548.95519248286,2133727.094679015,30.0,-99.0804389661281,19.29731412623025,1561.4702377559431,293.5295040055049,20.81960317007924,4.684410713267829,3.9137267200733987,0.8805885120165148
433A,4019,492520.2843548863,2133589.5908045643,301.0,-99.07119310253186,19.296075289124563,1710.3251960778293,239.1702836272919,22.80433594770439,5.130975588233488,3.1889371150305585,0.7175108508818757
4344,2790,492527.9587326556,2133307.023923184,55.0,-99.07111895354744,19.293521650675945,2045.0713289702733,254.52724634166364,27.267617719603642,6.13521398691082,3.3936966178888484,0.7635817390249909
4359,2616,492724.99738146446,2133168.335887829,93.0,-99.06924301193352,19.29226899327836,2145.3025628285372,365.0976555972718,28.604034171047164,6.435907688485612,4.8679687412969574,1.0952929667918154
4363,6175,493336.72355179273,2133425.705316037,189.0,-99.0634215398525,19.29459705628587,1791.2321405722585,177.47230418265565,23.883095207630113,5.373696421716776,2.3662973891020753,0.532416912547967
4382,2196,492945.0647255697,2133047.739118362,304.0,-99.06714798161654,19.291179894955107,2258.4548693374377,41.09272913056668,30.112731591165836,6.775364608012313,0.5479030550742224,0.12327818739170004
4397,1640,493142.2791597559,2132933.93102304,40.0,-99.06527051283628,19.290152046723883,2400.777219053933,258.1628290546857,32.01036292071911,7.2023316571618,3.442171054062476,0.7744884871640572
440A,1408,492983.7647004978,2132769.562840885,27.0,-99.06677862093083,19.288666041111608,2616.208262668859,306.82982585795185,34.882776835584785,7.848624788006577,4.0910643447726915,0.9204894775738556
4414,8028,491070.78956449166,2136456.489204488,268.0,-99.0850029964828,19.32197861722163,488.2559393822386,324.54059500388723,6.5100791917631815,1.4647678181467159,4.327207933385163,0.9736217850116617
4429,2049,490088.0710674609,2136370.7863565893,70.0,-99.09435768332575,19.321199490428537,1658.1244784416087,329.112776502716,22.10832637922145,4.974373435324827,4.388170353369547,0.9873383295081479
4433,3751,490591.56052059936,2136109.696719917,79.0,-99.08956337989082,19.31884234569188,998.5534085144308,224.43195809710903,13.314045446859076,2.9956602255432925,2.9924261079614536,0.6732958742913271
4448,2475,490986.93890668,2136059.5485282014,78.0,-99.08579935296926,19.318390947300347,514.2705806535804,363.5947260634206,6.856941075381072,1.5428117419607412,4.847929680845608,1.0907841781902619
4452,1960,490529.86393136816,2135843.4939880064,55.0,-99.09014937935258,19.316436285826097,1171.0807863544503,132.35004404391174,15.614410484726005,3.513242359063351,1.764667253918823,0.39705013213173523
4467,2193,490781.29069696576,2135802.1170008066,24.0,-99.08775576679172,19.31606351382009,912.4374021547314,161.24262000403607,12.165832028729753,2.7373122064641944,2.1499016000538145,0.4837278600121082
4471,2274,490747.8805600898,2135658.4651109804,13.0,-99.08807311273516,19.314765125984,1063.6819948609966,260.0929264883851,14.182426598146622,3.19104598458299,3.467905686511801,0.7802787794651553
4503,4051,499203.3697580131,2141943.950856033,50.0,-99.00758593887952,19.371590348629237,1203.2111205779718,293.9415081175725,16.042814941039623,3.6096333617339154,3.9192201082343,0.8818245243527175
4522,749,494480.4239481712,2142441.532261052,5.0,-99.05256178669588,19.376079717161325,1823.3483941200284,128.1565632325687,24.311311921600378,5.470045182360085,1.708754176434249,0.38446968969770606
4537,829,494473.9044571579,2142417.942035357,9.0,-99.05262380199532,19.37586650698693,1853.3729637584895,120.6078726314097,24.71163951677986,5.560118891275469,1.608104968418796,0.3618236178942291
4541,1011,494601.57758718927,2142217.9723100937,4.0,-99.0514074321916,19.374059665459647,1993.4364543191723,398.7481790718156,26.579152724255632,5.9803093629575175,5.316642387624208,1.1962445372154469
4556,1063,494761.30942508,2142172.2094349856,4.0,-99.04988623208214,19.373646515264635,1965.8682245445777,476.8991430589407,26.211576327261035,5.897604673633734,6.358655240785876,1.4306974291768222
4560,969,493842.7569703908,2142415.461167099,13.0,-99.05863407154678,19.37584224931955,2417.7336627975465,601.5741326879095,32.23644883730062,7.253200988392639,8.020988435838794,1.8047223980637286
4575,528,493864.0863452588,2142296.2097216523,47.0,-99.05843057247448,19.37476460214976,2498.063839986693,487.3715134503606,33.30751786648924,7.494191519960079,6.498286846004809,1.462114540351082
4594,1164,494095.8309461261,2142190.223816819,18.0,-99.05622340636096,19.3738074695038,2343.356558536869,161.1512241068166,31.24475411382492,7.0300696756106085,2.148682988090888,0.4834536723204499
4611,751,494306.55239081074,2142112.079773092,5.0,-99.05421654436238,19.37310186606271,2220.1844824404693,154.51013835484676,29.602459765872926,6.6605534473214085,2.0601351780646233,0.4635304150645403
4645,1184,494654.44898672577,2142112.3882765523,17.0,-99.05090365876548,19.37310561084301,2089.3983912295203,526.1808367651236,27.858645216393604,6.268195173688561,7.015744490201647,1.5785425102953707
465A,2794,494772.4625409272,2141872.377644586,140.0,-99.04977920202562,19.370936869669418,1988.1808635625523,277.4518448081095,26.50907818083403,5.964542590687658,3.6993579307747937,0.8323555344243286
4664,3439,495961.8282416826,2141875.4299284336,68.0,-99.03845348111663,19.370967199209645,2398.5966075894285,452.06192838574015,31.98128810119238,7.195789822768286,6.027492378476535,1.3561857851572205
4679,440,496251.3309542231,2141691.050712967,6.0,-99.03569632982568,19.36930146678251,2772.244956821096,276.36462779048315,36.96326609094795,8.316734870463288,3.684861703873109,0.8290938833714495
4683,2771,496378.9542853148,2141497.30160737,85.0,-99.03448068123758,19.36755072803833,2804.084794479807,382.02333153358444,37.38779725973076,8.412254383439421,5.093644420447792,1.1460699946007533
4698,3320,493467.34915514855,2141879.5653327303,91.0,-99.06220715813797,19.37099800391051,1885.179551172658,933.5690250334617,25.13572734896877,5.655538653517974,12.447587000446156,2.800707075100385
4715,32,495291.06959413126,2140941.1927323,29.0,-99.0448384687118,19.362522735104445,1416.5115918758795,731.6816683963615,18.886821225011726,4.249534775627639,9.755755578618153,2.1950450051890846
472A,5525,494610.7954990648,2140625.903271123,101.0,-99.051315150261,19.359671650798205,451.8892004845587,410.2062108649314,6.0251893397941165,1.3556676014536762,5.469416144865752,1.2306186325947943
4734,11587,494766.0781136928,2139843.84235814,313.0,-99.04983442755928,19.35260431721341,913.4467058697686,258.0979044457262,12.179289411596915,2.740340117609306,3.441305392609683,0.7742937133371787
4749,6128,494776.463982844,2136534.727370449,282.0,-99.0497264843472,19.3226987123354,1896.5816576259945,169.3072652942621,25.28775543501326,5.689744972877984,2.257430203923495,0.5079217958827863
4768,3740,494326.5177425869,2137447.944771077,144.0,-99.0540125475373,19.330950569234496,591.4606133339645,170.20970642688846,7.8861415111195265,1.7743818400018936,2.2694627523585127,0.5106291192806655
4772,4280,494701.5278175405,2137243.787943132,281.0,-99.05044182043304,19.32910655354199,1132.4018736566336,170.5570877094169,15.098691648755114,3.397205620969901,2.274094502792225,0.5116712631282507
4791,2135,491940.659815622,2140595.4122083536,20.0,-99.07673961557154,19.3593871540219,1057.5404574598804,624.6361702344368,14.100539432798405,3.1726213723796413,8.32848226979249,1.8739085107033104
4804,2676,491147.0680433432,2138426.966578009,28.0,-99.0842859867953,19.339786849381127,1985.7778053177412,350.30524079628157,26.47703740423655,5.957333415953224,4.6707365439504205,1.0509157223888448
4838,1560,502327.8618921138,2138451.6393617126,105.0,-98.97783711910265,19.34002796716215,110.89247175950736,38.34261445198638,1.4785662901267649,0.33267741527852207,0.5112348593598184,0.11502784335595914
4842,1895,502811.659817684,2137576.5788713526,36.0,-98.9732323119907,19.33211911702682,1262.3888016758901,499.21657864288665,16.83185068901187,3.7871664050276705,6.656221048571822,1.49764973592866
4857,5508,497273.8027826645,2136732.2959234067,177.0,-99.02595285820968,19.324489143843405,2859.0300779359404,141.40762377376592,38.120401039145875,8.577090233807821,1.8854349836502122,0.42422287132129777
4861,3584,496821.6275142666,2136502.0228760424,83.0,-99.03025709383502,19.32240741854009,3174.858459492291,715.4931853489154,42.331446126563876,9.524575378476873,9.53990913798554,2.1464795560467462
4876,5532,500339.5673354982,2138044.052218752,197.0,-98.99676715278432,19.336345776953458,1811.9177042085266,500.20717525613696,24.158902722780354,5.43575311262558,6.66942900341516,1.500621525768411
4880,5581,500062.0970498027,2138067.892048655,182.0,-98.99940880492026,19.33656125366938,1753.5722869290253,546.1079117612028,23.380963825720336,5.260716860787076,7.281438823482704,1.6383237352836084
4895,3426,492488.5065478841,2143426.469293099,49.0,-99.0715342825044,19.38497442535512,3639.987491603762,279.05676227209347,48.53316655471683,10.919962474811287,3.7207568302945795,0.8371702868162805
4908,5488,492623.0058379273,2143139.017831573,291.0,-99.0702522907548,19.382377139043932,3282.914033831442,38.01295953087984,43.77218711775256,9.848742101494325,0.5068394604117312,0.11403887859263953
4912,6803,491581.81267704617,2140342.0315823588,329.0,-99.0801553734916,19.35709579914097,714.2249692673804,196.400579754599,9.52299959023174,2.1426749078021414,2.6186743967279864,0.589201739263797
4927,6812,491423.3538953013,2140150.0821824004,206.0,-99.08166330442792,19.35536041950323,468.9268937479507,140.80761914953183,6.25235858330601,1.4067806812438521,1.8774349219937578,0.42242285744859553
4931,5485,499060.1359032362,2139434.6143032704,216.0,-99.0089486509802,19.348912580673595,921.033688839236,258.0897299169009,12.280449184523146,2.763101066517708,3.4411963988920125,0.7742691897507028
4946,5350,498634.356870842,2139297.1867875783,215.0,-99.01300248753364,19.34767035684092,406.79833592245853,208.2090038777524,5.423977812299447,1.2203950077673758,2.7761200517033653,0.6246270116332572
4965,4114,490096.8305775044,2136693.2185545336,73.0,-99.09427596745633,19.32411346824688,1750.4665880250452,690.3396430241884,23.339554507000603,5.251399764075136,9.204528573655844,2.071018929072565
497A,1927,491897.6449046128,2139572.415016811,123.0,-99.07714484906006,19.35014181908056,238.19098009306146,238.19098009306146,3.1758797345741527,0.7145729402791844,3.1758797345741527,0.7145729402791844
4984,4002,491520.99562514847,2139252.7880304647,186.0,-99.0807296117318,19.34725168939834,819.1426400216272,230.32556961703554,10.92190186695503,2.457427920064882,3.0710075948938074,0.6909767088511066
4999,3431,496804.4309195416,2138665.3397587417,250.0,-99.03042442008967,19.341958060519197,530.9196225089921,121.50034435450192,7.078928300119895,1.5927588675269764,1.620004591393359,0.3645010330635058
5003,3643,497127.4146140522,2138640.2817534693,138.0,-99.02734931484068,19.34173209000076,371.7055897166168,307.6284843387059,4.956074529554891,1.1151167691498505,4.1017131245160785,0.9228854530161178
5018,2989,493589.6961007403,2137794.8156457418,128.0,-99.06102838062546,19.334083151176998,551.7791805075428,182.6922458476495,7.357055740100571,1.6553375415226286,2.4358966113019935,0.5480767375429485
5037,2646,502238.773715832,2138362.998434469,210.0,-98.97868540506389,19.339226989126853,54.43432912182527,54.43432912182527,0.7257910549576703,0.16330298736547583,0.7257910549576703,0.16330298736547583
5041,3291,502295.2519313384,2138138.923970734,87.0,-98.97814796484748,19.33720188549791,321.5109041714285,307.95831433064194,4.2868120556190465,0.9645327125142855,4.106110857741893,0.9238749429919259
5056,806,494433.6450752958,2137036.297894529,22.0,-99.05299147714211,19.32723066810329,1108.4430979928502,248.39080539202638,14.779241306571336,3.325329293978551,3.3118774052270186,0.7451724161760792
5060,5931,494238.754328597,2136959.0257385727,242.0,-99.0548465956117,19.326531783210097,1104.630808810573,406.78576855345415,14.728410784140973,3.313892426431719,5.4238102473793885,1.2203573056603625
5075,3792,497615.4514685412,2137213.951001191,225.0,-99.02270103175748,19.328842469946352,2317.5312086919826,290.4114940398757,30.9004161158931,6.952593626075948,3.8721532538650094,0.8712344821196272
508A,3945,497894.0754814476,2137085.4540800485,97.0,-99.02004837444991,19.3276815075951,2596.4238779831376,354.4722954727846,34.61898503977517,7.789271633949413,4.726297272970461,1.0634168864183537
5094,1516,499192.0881582275,2141725.432368133,5.0,-99.00769327562956,19.36961552236661,1229.3900754997624,13.876723853671729,16.391867673330164,3.6881702264992873,0.18502298471562306,0.041630171561015186
5107,4853,499459.8985097082,2141403.0220418274,230.0,-99.00514298168238,19.366701885826654,1059.9636082063544,226.33796104752,14.132848109418058,3.179890824619063,3.0178394806336,0.6790138831425601
5111,7653,493347.9179939555,2140498.091867395,28.0,-99.06333961858968,19.358512791843307,787.6130627872166,272.79600287835194,10.501507503829554,2.36283918836165,3.6372800383780257,0.8183880086350559
5126,4853,493541.3305861196,2140339.0475584003,48.0,-99.06149744970531,19.357076087352468,1045.2799813080662,272.4396673692056,13.937066417440883,3.135839943924199,3.6325288982560746,0.8173190021076169
5130,2592,492735.7056922593,2137746.843507952,90.0,-99.06915848740492,19.333646707195918,1094.0579945564396,120.4052884232637,14.587439927419194,3.2821739836693187,1.605403845643516,0.3612158652697911
5145,4478,492867.83352656296,2137423.8551338883,184.0,-99.0678993809937,19.330728220101403,1177.3660225922522,242.02735373532246,15.698213634563363,3.5320980677767566,3.227031383137633,0.7260820612059674
515A,1634,492359.3693666195,2132990.663028671,47.0,-99.07272232496533,19.290661941451123,2507.875051773213,286.4204718916414,33.43833402364284,7.523625155319639,3.8189396252218852,0.8592614156749242
5179,1573,494540.54165945615,2142684.608930359,35.0,-99.0519899951676,19.37827664106884,1524.030179706893,387.0736722259692,20.320402396091907,4.572090539120679,5.160982296346256,1.1612210166779076
5183,3932,494602.7207517129,2142634.105853604,101.0,-99.05139772556096,19.377820397319947,1527.1277166852585,388.43890904952264,20.36170288913678,4.581383150055776,5.179185453993635,1.165316727148568
5198,5541,494541.5577379264,2141650.896079359,260.0,-99.05197735674658,19.36893465567619,1640.6402880002047,475.9091227994001,21.87520384000273,4.921920864000614,6.345454970658668,1.4277273683982004
5200,4699,494667.9720642115,2141193.528017843,188.0,-99.05077231213316,19.36480161325992,1109.316669911984,731.1157513221697,14.790888932159787,3.3279500097359525,9.74821001762893,2.1933472539665093
5215,5858,491544.0766391153,2137453.391647582,226.0,-99.08050188341004,19.330990023476435,951.6572205849182,544.4479011705121,12.688762941132241,2.8549716617547545,7.259305348940161,1.6333437035115363
522A,2314,491045.6555723029,2137385.980267583,57.0,-99.08524662010196,19.330378646459177,1462.1113230733763,189.6322625739738,19.49481764097835,4.3863339692201295,2.528430167652984,0.5688967877219214
5249,3208,491029.1203162776,2137060.1196291056,52.0,-99.08540250741916,19.327433655350493,1184.0482446473889,463.96459950805905,15.787309928631851,3.552144733942167,6.1861946601074544,1.3918937985241773
5253,4458,496775.9907828723,2142416.5479910104,59.0,-99.03070153707375,19.375858927539163,2469.0620291061978,471.5262845852887,32.9208270547493,7.4071860873185935,6.287017127803849,1.4145788537558661
5268,5103,496959.1976308536,2142164.751273663,54.0,-99.02895649634824,19.373583647014787,2860.786537944686,668.6608793331374,38.14382050592915,8.58235961383406,8.915478391108499,2.0059826379994123
5272,3347,487422.8867009447,2142184.6506095724,236.0,-99.11976748638462,19.3737263786884,745.1452234141217,81.3127541377785,9.935269645521622,2.235435670242365,1.08417005517038,0.2439382624133355
5287,2360,487234.6251631115,2141970.654557124,21.0,-99.12155879858194,19.371791243845298,376.54759650554433,207.1600445699842,5.020634620073924,1.129642789516633,2.7621339275997894,0.6214801337099526
5291,3411,499531.3724372607,2139261.7678652303,114.0,-99.00446186275336,19.347350673170634,760.9085472463477,220.38678283712918,10.145447296617968,2.282725641739043,2.938490437828389,0.6611603485113876
5304,5300,499566.7176170864,2138785.1788569805,221.0,-99.00412522856762,19.34304358114291,1070.774009084647,250.00244948559214,14.276986787795295,3.2123220272539417,3.3333659931412285,0.7500073484567764
5319,3414,500681.4751436189,2138514.725294184,113.0,-98.99351185510086,19.34059932890501,1397.64346257601,270.45749406846187,18.635246167680133,4.192930387728031,3.606099920912825,0.8113724822053856
5323,3240,500738.3894434128,2137981.850908255,55.0,-98.99297019520934,19.33578353472197,2043.3745672984705,595.4068357759069,27.244994230646274,6.130123701895412,7.938757810345425,1.7862205073277206
5338,6974,498601.423866834,2137640.722749885,193.0,-99.01331483367484,19.332700287030026,2333.9608872670424,465.6857302701785,31.119478496893898,7.001882661801128,6.209143070269047,1.3970571908105356
5342,5210,499213.0774957084,2137810.078021777,125.0,-99.00749179089854,19.334231143516384,2382.779584433514,445.1454172554179,31.770394459113522,7.148338753300543,5.935272230072239,1.3354362517662537
5357,3042,491433.0204820169,2135879.802912502,96.0,-99.08155210089122,19.31676846834872,440.26296661213405,279.05771430555785,5.870172888161787,1.3207888998364021,3.7207695240741048,0.8371731429166736
5361,2123,491635.2676966873,2135696.0208719647,8.0,-99.0796260354642,19.315108413090183,411.8770669194171,411.8770669194171,5.491694225592227,1.2356312007582513,5.491694225592227,1.2356312007582513
5376,961,491108.6942280805,2135153.507130637,3.0,-99.08463609666669,19.31020326000005,388.8686097781347,388.8686097781347,5.184914797041796,1.1666058293344042,5.184914797041796,1.1666058293344042
5380,8787,495300.9956608965,2135902.943326909,429.0,-99.0447315490084,19.31699033992742,2512.3949801813396,143.95669705577927,33.49859973575119,7.537184940544019,1.9194226274103903,0.4318700911673378
5395,3565,495273.9825663191,2135599.5048891897,35.0,-99.04498794631726,19.31424799038199,2267.4387266464896,308.9630403993544,30.232516355286528,6.802316179939469,4.119507205324725,0.9268891211980632
5408,2285,492425.7985578198,2132731.870285799,65.0,-99.0720890389428,19.28832338001293,2795.1552542737872,241.24611040154065,37.2687367236505,8.385465762821362,3.2166148053538755,0.7237383312046219
5412,2677,492523.00441699295,2132829.374173426,53.0,-99.0711642432271,19.289204923949065,2637.1802635418962,218.00325590622103,35.16240351389195,7.911540790625689,2.906710078749614,0.6540097677186631
5427,4283,492752.4619061984,2132604.4601304466,128.0,-99.06897947200008,19.287173124392066,2859.8818033103976,65.15805305279672,38.13175737747197,8.579645409931194,0.8687740407039563,0.19547415915839017
5431,2463,488828.15347410826,2141948.3840335584,54.0,-99.10638425096684,19.37159948032921,1761.862054693471,349.0662780358612,23.491494062579612,5.285586164080414,4.65421704047815,1.0471988341075837
5446,4124,488486.0225194751,2141366.2652922487,199.0,-99.10963868118424,19.366336761598838,1479.4714791060915,88.71335497754566,19.72628638808122,4.438414437318275,1.1828447330339422,0.266140064932637
5450,3458,493702.2289037858,2136838.058659412,115.0,-99.05995387373876,19.325436952469676,1287.8476879067298,311.35773777135876,17.171302505423064,3.8635430637201895,4.1514365036181164,0.9340732133140763
5465,1777,493466.58346100815,2136800.474851065,30.0,-99.06219705491506,19.325096542780447,1069.8615212167438,368.789549353697,14.264820282889916,3.2095845636502314,4.917193991382627,1.106368648061091
547A,3413,493971.5276565856,2142772.7139492054,78.0,-99.0574089480704,19.37907124438896,2010.503091821074,693.4128908104915,26.806707890947653,6.031509275463222,9.245505210806554,2.0802386724314745
5484,4151,494288.2579316693,2142322.254674621,242.0,-99.05439138578856,19.37500123060448,2096.738355395333,24.431102085178544,27.956511405271108,6.290215066186,0.3257480278023806,0.07329330625553564
5499,4474,495712.68087679305,2136300.5521783894,191.0,-99.04081345888656,19.32058459710287,2927.23366216018,160.67698921387978,39.02978216213573,8.78170098648054,2.1423598561850636,0.4820309676416394
5501,6014,495826.10479957337,2136150.471701757,180.0,-99.03973338367456,19.31922850279895,3166.9363764742116,131.06786510054854,42.225818352989485,9.500809129422635,1.7475715346739806,0.39320359530164567
5516,4913,496040.02631850063,2136206.366575655,143.0,-99.03769707453029,19.319734077627988,3333.9046446295074,405.83817611035624,44.452061928393434,10.001713933888523,5.411175681471416,1.2175145283310689
5520,3557,495661.2246230317,2135948.770125488,146.0,-99.04130250186356,19.31740530227384,2932.4466970360313,120.59944386545494,39.09928929381375,8.797340091108094,1.6079925848727326,0.3617983315963649
5535,4112,492396.6491151238,2137200.147035194,64.0,-99.0723842397987,19.32870476509039,505.73429412860116,250.46562743992064,6.743123921714682,1.5172028823858035,3.339541699198942,0.751396882319762
554A,2658,492237.1380903139,2137076.4109538896,58.0,-99.07390228805926,19.327585908992592,243.30231795316573,239.53163604442045,3.2440309060422097,0.7299069538594972,3.193755147258939,0.7185949081332614
5554,2894,497587.7694903762,2138402.950929183,146.0,-99.02296606783771,19.339587853261573,913.3623256233229,24.115340046447688,12.178164341644306,2.740086976869969,0.32153786728596917,0.07234602013934306
5569,4114,497965.7091824144,2138306.2769566225,185.0,-99.01936772319186,19.338714594426797,1340.2297277365296,212.48278595313337,17.869729703153727,4.020689183209589,2.833103812708445,0.6374483578594001
5573,3451,497202.93936240935,2137743.0727318,161.0,-99.02662894414269,19.333623801942785,1541.7953148310319,190.84280487683907,20.55727086441376,4.625385944493096,2.5445707316911874,0.5725284146305173
5588,4157,497512.03405476257,2137506.1991673037,154.0,-99.02368595181902,19.331483496765664,1915.3361046774542,167.36473124673415,25.53781472903272,5.746008314032363,2.2315297499564553,0.5020941937402025
5592,1833,496135.2600622688,2143088.738920044,107.0,-99.0368044395728,19.38193259442477,1285.5351458707348,127.02593007695909,17.140468611609798,3.8566054376122048,1.6936790676927878,0.3810777902308773
5605,4180,495693.88432067656,2142472.466126525,255.0,-99.04100632578124,19.37636224699727,1549.230918097732,740.4137117245492,20.656412241303094,4.647692754293196,9.87218282299399,2.221241135173648
5624,3644,490729.3792729483,2134807.983835732,78.0,-99.08824510724952,19.307078927281115,535.2301546352187,535.2301546352187,7.136402061802916,1.6056904639056562,7.136402061802916,1.6056904639056562
5639,1737,494631.1236807173,2142776.6017351914,18.0,-99.05112764930126,19.379108252949205,1356.9777548104425,552.1508412651517,18.0930367308059,4.070933264431328,7.362011216868689,1.6564525237954553
5643,836,494836.5340707196,2142672.307193761,1.0,-99.04917125,19.37816625,1328.628837344384,667.8381846350071,17.715051164591788,3.985886512033152,8.904509128466762,2.0035145539050214
5658,7959,495328.6114608444,2142266.177008744,149.0,-99.04448424344852,19.37449713044468,1723.7076782003985,528.6902960299977,22.98276904267198,5.171123034601195,7.049203947066636,1.5860708880899934
5662,2312,494996.10805686726,2141873.4150943216,74.0,-99.04764954188732,19.370946815408985,2089.8320337654022,140.64947760571246,27.86442711687203,6.269496101296207,1.8753263680761663,0.4219484328171374
5677,5416,496114.1216055001,2141506.5039022355,279.0,-99.03700251568053,19.36763339702104,2711.9936000153166,67.10133953285609,36.15991466687089,8.13598080004595,0.8946845271047479,0.20130401859856828
5681,6838,496654.8275067891,2141358.2131691827,61.0,-99.03185348997944,19.366294219443716,2554.234420566933,626.8812225261399,34.05645894089244,7.662703261700799,8.358416300348532,1.88064366757842
5696,1765,497075.4764729496,2141040.615863377,17.0,-99.02784748826365,19.363424645871152,1958.3892502702922,749.006786915623,26.111856670270562,5.875167750810877,9.986757158874974,2.2470203607468693
5709,2911,491393.29184657935,2138028.3480246486,166.0,-99.08193997178716,19.33618546526734,1652.9228019830182,251.98710965148828,22.038970693106908,4.958768405949055,3.3598281286865106,0.7559613289544649
5713,3338,491281.56544059934,2137835.4793886184,68.0,-99.08300277897008,19.33444196330968,1544.0886978699039,452.2399592852149,20.58784930493205,4.6322660936097115,6.029866123802866,1.3567198778556449
5728,1591,495192.650500381,2136580.9876040323,88.0,-99.04576463184276,19.3231178200802,2184.4249839541135,307.935282429493,29.125666452721514,6.553274951862341,4.105803765726574,0.923805847288479
5732,2692,495254.79242533166,2136491.594943037,60.0,-99.04517283611176,19.32231009336868,2324.0369286466926,229.36286883999963,30.98715904862257,6.972110785940078,3.0581715845333286,0.6880886065199989
5747,1979,499281.7214792472,2142364.7060819548,21.0,-99.00683999059255,19.37539287710231,1270.3635438535937,160.30959927482374,16.938180584714583,3.811090631560781,2.1374613236643167,0.48092879782447123
5751,1984,499195.5573171571,2142144.03578379,16.0,-99.00766041761509,19.37339857688852,1260.096346305631,390.3198418900652,16.801284617408413,3.780289038916893,5.204264558534203,1.1709595256701957
5766,2047,499405.87547063344,2142282.456149412,258.0,-99.00565767685934,19.37464959900157,1077.139826030251,99.8384961053187,14.361864347070014,3.231419478090753,1.3311799480709159,0.2995154883159561
5770,1531,499412.2580034824,2141870.8875469454,38.0,-99.0055967708434,19.370930124120157,928.1177745729279,356.8525060450763,12.374903660972372,2.784353323718784,4.758033413934351,1.070557518135229
5785,500,494014.7470831499,2142298.2294575884,3.0,-99.05699587970754,19.37478331012023,2355.1997467195592,335.1754117537852,31.402663289594123,7.0655992401586785,4.46900549005047,1.0055262352613556
579A,364,494164.0032036071,2142263.7505595023,4.0,-99.05557445051596,19.37447215311856,2257.6943718110797,185.39682339427273,30.102591624147728,6.77308311543324,2.47195764525697,0.5561904701828182
5802,463,494272.2439295805,2142235.404580588,6.0,-99.05454362158936,19.37421629346583,2199.071416877246,100.20393791161398,29.32095222502995,6.597214250631739,1.3360525054881864,0.30061181373484197
5817,504,494220.07621295296,2142114.116804937,5.0,-99.0550400301396,19.373120028187635,2228.0461616721427,42.93343274519668,29.70728215562857,6.684138485016429,0.5724457699359558,0.12880029823559005
5821,468,494425.185898655,2142158.112090295,4.0,-99.05308697750948,19.373518207622634,2171.852991521694,253.47020201090422,28.95803988695592,6.515558974565082,3.379602693478723,0.7604106060327127
5836,492,494351.6524537614,2141999.547072437,1.0,-99.05378674,19.37208499999999,2073.4268098878115,254.8018899292043,27.645690798504152,6.220280429663434,3.3973585323893905,0.7644056697876129
5840,755,494513.210119905,2142105.759706692,8.0,-99.05224860352438,19.373045325224805,2175.51722494312,381.711964788634,29.006896332574932,6.52655167482936,5.089492863848454,1.145135894365902
5855,560,494564.3256240125,2141973.399699111,12.0,-99.05176147255368,19.37184928513673,2059.651086309286,519.4278753287464,27.46201448412381,6.178953258927858,6.9257050043832855,1.5582836259862392
586A,2523,490307.7290387155,2135226.89360794,34.0,-99.0922608273534,19.3108627855068,1182.5924519322732,542.1759876962323,15.767899359096976,3.54777735579682,7.229013169283097,1.6265279630886968
5874,1628,490461.928572141,2135539.29232929,24.0,-99.09079456023797,19.31368678376148,1250.0167498259398,174.51670750929927,16.666889997679196,3.7500502494778196,2.3268894334573234,0.5235501225278978
5889,2195,490759.1482841603,2137682.5264357617,32.0,-99.08797564248412,19.333057342091944,1964.1861421116998,427.85230095577185,26.189148561489333,5.8925584263351,5.704697346076958,1.2835569028673157
5893,5778,490689.7838661158,2137527.291964364,85.0,-99.08863525482732,19.331654114257397,1918.6513176613337,290.1618242327918,25.582017568817783,5.755953952984001,3.8688243231038904,0.8704854726983754
5906,3780,493276.8368168805,2137482.5428922097,32.0,-99.06400581183782,19.331260010615928,1032.4172695635245,447.34882040155503,13.765563594180326,3.0972518086905736,5.9646509386874005,1.3420464612046652
5910,3698,493542.6536028463,2137485.348373148,57.0,-99.06147519529388,19.33128623553753,721.3534263040157,224.5421333976931,9.618045684053543,2.1640602789120473,2.9938951119692416,0.6736264001930794
5925,3653,491116.3477801358,2137172.331577277,33.0,-99.08457262712376,19.32844814140531,1289.7218282930626,434.0398724766184,17.1962910439075,3.869165484879188,5.787198299688246,1.3021196174298553
593A,3627,491546.2533221623,2137156.168554299,45.0,-99.0804798454192,19.32830392265153,747.4666767672143,331.3220653543415,9.966222356896191,2.242400030301643,4.417627538057887,0.9939661960630245
