ageb,POBTOT,x,y,n_denue,lon,lat
0017,5868,494314.1477775191,2144819.5127446293,532.0,-99.05415230440443,19.397569778518672
0021,7518,493992.83306173695,2144355.016943797,205.0,-99.05721105172084,19.393371057059095
0036,10273,494523.0769416042,2143898.1270093275,508.0,-99.05215980189502,19.389243525768286
0040,3860,495110.2356593102,2144405.059429801,274.0,-99.04656926528999,19.39382634258848
0055,3701,491307.8580222581,2143932.6004823856,62.0,-99.08278026825347,19.389543713280673
006A,2957,493925.8734971825,2143659.172247398,54.0,-99.05784653958494,19.387082300022687
0074,2480,495007.2945320249,2144024.6985562127,151.0,-99.0475486602733,19.390388654767527
0089,2144,495457.94471705134,2144219.0159020643,308.0,-99.04325730123502,19.39214583002504
0093,1677,490799.2248884678,2143816.9247217244,39.0,-99.08762371077252,19.388496048296478
0106,1524,490975.0033392127,2143799.235228901,37.0,-99.08594959975235,19.38833698195705
0110,1932,491348.48717642284,2143699.559289704,31.0,-99.0823922742528,19.38743782719338
013A,2880,494156.35845550575,2143517.445478371,61.0,-99.05565109704128,19.385802157356274
0144,1855,494812.1636000169,2143685.056238511,36.0,-99.04940608785581,19.38731870996783
0178,2948,496220.7301672943,2143727.560010146,416.0,-99.03599176477377,19.387705978512788
0182,2946,490597.8341237469,2143422.7364761475,26.0,-99.08953970941415,19.384932719042276
0197,2762,491043.23688364454,2143335.0701008122,41.0,-99.08529759337743,19.384142490384924
0214,6202,493321.80871221557,2142784.3570692153,313.0,-99.06359623880346,19.379174409463406
0229,0,493710.5559580367,2143325.8297060267,11.0,-99.05989599948964,19.384069119298577
0233,1933,494367.2115223037,2143066.3254437186,59.0,-99.0536417332901,19.38172585163662
0248,1549,494559.3218642987,2143162.2939450676,64.0,-99.05181251785766,19.38259367857423
0252,3188,494708.3166663729,2143411.923732404,68.0,-99.05039430899119,19.384850057599603
0271,4150,497110.035369779,2143367.534636589,281.0,-99.02752194706744,19.384453798207232
0286,2480,496344.7877319407,2143235.1461029793,92.0,-99.03480936072086,19.383256113900597
0290,1588,496342.79232313513,2143036.641645171,21.0,-99.034827982065,19.38146216435997
0303,1103,496214.235110155,2142998.8089494114,43.0,-99.0360521708226,19.381120020121223
0318,3528,497460.020682443,2143185.567659632,154.0,-99.02418869579617,19.382809780413183
0322,4540,487361.6000138488,2142826.3025882137,244.0,-99.12035535567918,19.379524792045892
0337,5329,487718.3095867716,2142815.763305248,128.0,-99.1169583513682,19.379431760749366
0356,5122,488394.92469922453,2142717.24136318,403.0,-99.1105143646166,19.37854541656283
0360,5255,488344.8357670214,2142374.600514054,107.0,-99.11098926042976,19.375448578819476
0375,6884,489039.1198034965,2142744.4467314337,241.0,-99.10437990163959,19.378794902143724
038A,5123,489097.8739046776,2142293.8527653413,247.0,-99.10381781041202,19.374723069306576
0407,6972,492056.53325616516,2142615.315100783,396.0,-99.07564471109039,19.37764211511299
0411,4975,492631.9989957499,2142642.5220208094,409.0,-99.07016472614549,19.37789018803827
0426,8211,492772.5088559375,2142187.7667513797,377.0,-99.06882493989359,19.373780934964913
0445,3848,496347.0200778965,2142605.208251432,269.0,-99.03478689296894,19.37756317442748
0464,4863,497378.9531662812,2142227.372069338,166.0,-99.02495939782278,19.37415016308315
0479,4554,497958.6480758456,2142880.702864253,201.0,-99.01943984765424,19.38005519215579
0483,6782,486172.240573989,2142190.1363178124,363.0,-99.13167697304301,19.373767727565085
0498,5441,485867.6082000426,2141824.601778082,170.0,-99.13457516402961,19.370462162222573
0500,6227,486524.7895047127,2142032.556244105,149.0,-99.1283186629924,19.37234602783981
0515,7149,486901.1145575961,2141967.9769405015,289.0,-99.12473464288522,19.37176489665231
0534,4645,488269.0448131502,2141980.35354541,109.0,-99.11170856985858,19.371885208707635
0553,5795,492056.26190271863,2141788.62049104,421.0,-99.07564384728269,19.37017101854123
0568,5839,492455.7602760329,2141705.661332084,234.0,-99.07183931784697,19.369422831672424
0572,5325,492779.60728140693,2141402.930091268,384.0,-99.06875436947793,19.36668814434683
0587,2637,496509.38315430685,2141835.1906102183,20.0,-99.03323931771534,19.370604570500237
0591,3807,496787.1363427764,2141636.2135136365,139.0,-99.0305940841764,19.368806814420306
0604,3653,497091.61176450347,2141803.120413941,131.0,-99.02769501088802,19.370315669886526
0619,5610,497843.86041341064,2141968.591638584,475.0,-99.02053194084111,19.371812035282645
0623,5433,498368.11178074393,2142573.263384867,484.0,-99.01554025073818,19.377277140221604
0638,4162,498829.148317404,2142279.520997791,273.0,-99.01114968165132,19.374622819499713
0642,2515,485751.1074320714,2141140.191455807,129.0,-99.13567941783282,19.364276117935947
0657,1916,486272.90551552025,2141168.4224642916,28.0,-99.13071101605385,19.364534884988196
0676,2699,487347.37859671545,2141505.663187292,335.0,-99.1204820131071,19.367589690307465
0680,3125,487618.1369234805,2141372.55954571,143.0,-99.11790291121976,19.36638848013015
0695,3633,487875.5273244513,2141331.175438022,131.0,-99.11545172181437,19.366016050037814
0708,4420,488175.2189791631,2141292.3793861982,235.0,-99.11259775966751,19.36566722549517
0727,2181,488642.13050422544,2140869.5457324577,263.0,-99.10814922762181,19.361848641356012
0731,11610,489450.2859216417,2141191.127666555,425.0,-99.10045578977154,19.364759286317465
0746,7993,490185.5335335248,2140784.4647610164,652.0,-99.09345257671355,19.361087873129875
0750,9308,490720.69692382537,2141256.0991417975,237.0,-99.08835909392317,19.36535272679479
0765,3454,497263.5269559504,2141542.0872896546,71.0,-99.02605758054774,19.367956871274767
077A,4047,497463.4552051061,2141350.8083266383,165.0,-99.02415354465903,19.366228483884676
0784,6393,498409.4150528315,2141462.8010149314,437.0,-99.01514599802384,19.36724157040602
0801,3649,485721.69239788037,2140781.11198162,177.0,-99.13595682026231,19.36103079878935
0816,1207,486705.5378445335,2140977.4513978376,14.0,-99.12659011535976,19.36281193198596
0820,1112,486984.2844154981,2141029.149230131,20.0,-99.12393624304903,19.363280967176415
0835,6828,497828.4183604317,2140965.6085812734,392.0,-99.02067784544019,19.362747735839076
084A,7352,498575.16602717206,2140776.396285638,441.0,-99.01356715740675,19.361038430617107
0854,3289,499041.71510612295,2141097.9896608223,343.0,-99.00912487538606,19.36394505260512
0888,4544,500475.8921853509,2141558.0461868923,95.0,-98.99546839668358,19.36810290555881
0892,2220,500531.4952687093,2141303.460588748,118.0,-98.99493899668448,19.365802118862945
0905,2580,485854.37089627725,2140514.4641520935,153.0,-99.13469149096636,19.358621959411245
091A,1444,486773.87953363324,2140758.745071535,55.0,-99.1259378481247,19.36083586682054
0924,3759,486830.25143956224,2140547.4386244165,245.0,-99.1253996214079,19.358926595367237
0939,4294,487348.7187061744,2140736.418624639,293.0,-99.12046414578451,19.360637799027675
0943,3439,487821.2954471254,2140718.098858586,157.0,-99.1159642106035,19.360475158766985
0958,5599,488173.1361359973,2140744.9999736613,542.0,-99.11261419620409,19.360720375222627
0962,8084,489076.45347961906,2140516.086136108,248.0,-99.10401159949947,19.358656724433118
0977,7001,489871.9712612343,2140676.413330185,436.0,-99.09643771478969,19.36010982118392
0981,6435,490601.93216993083,2140638.8426104365,640.0,-99.0894869474329,19.359773830785723
1000,5229,492586.40954009426,2140543.396374623,240.0,-99.07059070194752,19.35891955723382
1015,6358,493022.8755723944,2140397.427521221,333.0,-99.0664342290257,19.3576019524381
1034,6566,493690.4861582733,2140456.025461939,237.0,-99.06007762425062,19.358133729185045
1049,4690,494200.3545894103,2140653.9797070255,134.0,-99.05522338760171,19.35992424354537
1053,7253,494225.27868298953,2140150.5881698965,218.0,-99.05498453936652,19.35537499997079
1087,5902,495980.94675133505,2140797.5406693257,254.0,-99.03826915181625,19.361226003455364
1091,4232,496647.8100572087,2140603.9145469028,318.0,-99.03191898506257,19.359477364072273
1104,6367,497354.40178009256,2140292.6201264327,478.0,-99.02519050689341,19.35666514777819
1123,3739,498760.4695113222,2140329.6643148395,77.0,-99.0118024217255,19.3570012881582
1138,4768,499558.8315243665,2140628.459122247,356.0,-99.00420073744722,19.359701930414136
1142,3200,500251.2616093292,2140964.297111511,82.0,-98.99760748185712,19.362737042063696
1157,2662,500494.89068084926,2140912.649255825,144.0,-98.99528765430878,19.362270238126918
1176,2180,487465.8011364177,2140061.250038517,145.0,-99.11934486257245,19.354536822316444
1180,2051,488079.082592488,2139960.035291123,246.0,-99.11350485533865,19.35362584472127
1195,3664,488536.9208959465,2139802.7809219486,330.0,-99.10914461487114,19.352207350541683
1208,991,488946.19441317965,2139921.649675611,252.0,-99.10524845002968,19.353283899070185
1227,5183,489999.5258881344,2140108.581056727,234.0,-99.09522017980765,19.35497877744709
1246,4327,492293.7078664351,2139832.1371624046,488.0,-99.0733748716188,19.352490572392107
1250,3051,492685.21441880846,2139895.4489701157,122.0,-99.06964741683107,19.35306420560244
1265,3915,493173.2117757339,2139897.7117594774,173.0,-99.06500098135297,19.35308637247318
127A,2174,493815.42798790656,2139535.019673017,325.0,-99.05888497276106,19.34981068180639
1284,1379,494258.7888151467,2139739.890872316,86.0,-99.05466423327368,19.351663487344503
1299,3461,494472.07394815766,2139226.9801339144,195.0,-99.05263197950372,19.347028737453996
1301,4045,494675.4086972935,2139218.3406896135,333.0,-99.05069598391272,19.3469512087888
1316,3355,495390.30039818346,2139582.409964091,137.0,-99.0438903075156,19.350243193426973
1335,0,499848.31635522423,2140415.7607482546,27.0,-99.0014442910965,19.357779747103375
134A,4839,500425.4447946384,2140273.120408819,309.0,-98.99594906028602,19.35649061930618
1354,5489,487917.07288659207,2139369.6083921683,284.0,-99.11504368601761,19.348288998730805
1369,6296,488487.5315901385,2139112.117849673,329.0,-99.1096107015961,19.345965320878626
1388,5484,489200.52206191875,2139070.063025619,290.0,-99.10282205933353,19.345589214611227
141A,4046,492150.19736191566,2139309.088071344,251.0,-99.07473914256151,19.347763047639024
1424,2881,492546.24045262835,2139102.246754085,294.0,-99.07096755128717,19.34589526054703
1439,2585,493030.8157517052,2139412.6297350996,110.0,-99.06635502613567,19.34870203501514
1443,1973,493444.4859996379,2139582.876818862,70.0,-99.06241697411244,19.35024200713951
1458,1726,493424.55815205426,2139267.9437800646,114.0,-99.06260562736618,19.34739578590072
1462,2160,493808.88246132113,2139172.6667295396,150.0,-99.05894611849942,19.346535955385452
1477,2157,494089.74208463955,2139270.1672431454,38.0,-99.05627233489518,19.34741794616734
1481,2435,494180.87916452764,2139062.569621465,10.0,-99.05540397402332,19.34554208161609
1496,2524,495326.3038415037,2139175.114592059,195.0,-99.04449863959162,19.34656217864621
1509,4535,496019.0630888385,2139829.6110071437,277.0,-99.03790418976567,19.352478576804895
1513,5064,496623.4111599481,2139826.360722315,442.0,-99.032149930286,19.35245030933706
1566,9689,488295.31522165134,2138414.3085620278,408.0,-99.11143651928468,19.339657876866987
1585,0,492000.6720238897,2138770.699418748,13.0,-99.07616053753354,19.342896857717648
159A,6649,492207.5302960937,2138685.2106886827,272.0,-99.07419071960791,19.342125079304424
1621,4393,493504.57461401157,2138476.4902428756,157.0,-99.06184108662242,19.34024340939649
1636,2883,493799.65013863856,2138396.2384477886,174.0,-99.05903149741629,19.339519077647623
1640,4166,494121.65762496047,2138536.919583246,165.0,-99.05596620414576,19.34079142903123
1655,2448,494627.8382662821,2138435.54329845,217.0,-99.05114670302657,19.339876672455016
166A,3498,495327.216170353,2138905.8670655694,196.0,-99.04448929384805,19.34412889837389
1674,3237,495747.08085134503,2139197.021754621,174.0,-99.04049243722183,19.346761095533203
1689,2788,496075.20797984005,2139086.3106287923,132.0,-99.03736808120318,19.34576122856503
1693,2012,496384.5750640676,2139059.362480137,133.0,-99.03442253579293,19.34551826910923
1706,7319,496813.7818663602,2139278.192488044,544.0,-99.03033641483154,19.34749663728604
1710,7600,497584.62967464403,2139373.6816926757,449.0,-99.02299718974714,19.348360680151654
1759,3567,495604.53386217204,2138493.939008393,260.0,-99.04184802055777,19.34040678710277
1763,6474,496037.0551056402,2138514.9233979345,410.0,-99.03773014938571,19.340597329344273
1778,6931,488724.13998596795,2138157.5359672066,356.0,-99.10735230598563,19.33733978680739
1814,3694,493644.5727374391,2138074.161143508,209.0,-99.06050686556893,19.33660786866466
1833,3848,488910.400628265,2137696.0957183903,132.0,-99.10557632561598,19.33317062972915
1848,3531,488699.9837329036,2137469.4795430363,106.0,-99.107578214226,19.331121450500177
1852,5424,489011.5085492373,2137226.140030127,219.0,-99.10461104484862,19.32892403277432
1867,11278,489572.2869401693,2136953.221369081,593.0,-99.09927091983009,19.326460555824077
1890,5546,491896.5672365921,2136815.7856269064,397.0,-99.07714340796595,19.325229202172427
1918,4953,493150.3562736608,2137146.600958591,247.0,-99.06520872562773,19.328223557145396
1941,4248,489900.67728083173,2136097.7478204938,135.0,-99.09614015403109,19.318731011752554
1960,3765,491803.9376339268,2136304.7779791583,316.0,-99.07802303462464,19.320610666938144
1975,3499,492189.54326190683,2136446.1226938237,75.0,-99.07435281280975,19.321889583506003
198A,6035,492394.274491757,2136028.5295089465,357.0,-99.07240218239095,19.318116425875424
1994,13946,492755.3139725351,2136329.5522453473,181.0,-99.06896643484487,19.320838209917806
2047,9950,492939.1338751833,2135741.7875153315,373.0,-99.06721437436622,19.315527017588444
2051,11206,494332.75170160923,2135710.3298866847,324.0,-99.05394804520576,19.315247128116788
2070,4041,491500.592450528,2134756.290913968,329.0,-99.08090386565307,19.30661516050384
2085,5799,491614.5254427836,2134969.951680333,233.0,-99.0798203018351,19.30854657041576
209A,3734,492403.3344622721,2135143.149906347,443.0,-99.0723124184253,19.31011495705726
2102,3577,492734.08259405295,2135163.008940054,412.0,-99.06916411464776,19.310295650920626
2117,3108,492662.92752817663,2134823.712725354,206.0,-99.06984013608543,19.30722904558614
2121,146,493340.54029749404,2134819.3485054704,111.0,-99.0633900625607,19.30719195855902
2140,7841,492109.5719623736,2134522.1845890377,313.0,-99.07510617071728,19.304501930503115
2155,3769,492498.42089710134,2134277.208143548,301.0,-99.07140389792048,19.302289470442403
216A,3673,492820.64196297794,2134289.5376247726,183.0,-99.06833687959563,19.302402070513935
2174,2349,493080.8467988516,2134546.7028735187,153.0,-99.06586104545578,19.304727081322806
2189,2349,493086.0747414132,2134130.325822551,81.0,-99.06580977767675,19.300964140657367
2193,2575,492937.32476472826,2133660.0227590348,67.0,-99.06722390873858,19.296713314456053
2206,1638,493187.4938478769,2133708.0948691354,31.0,-99.06484292330315,19.29714862185145
2371,1682,496532.5539268808,2143733.0241429466,112.0,-99.03302213073655,19.38775592293403
2386,3610,496563.07128868357,2143562.1654604287,189.0,-99.03273119092565,19.386211873698247
2390,3965,491631.2668037143,2143396.050274238,713.0,-99.07969790321931,19.384696126024284
2403,293,491560.02906965604,2142885.9300814867,629.0,-99.08037405894618,19.38008571800447
2437,5076,496086.5074270135,2142251.8406759496,208.0,-99.03726699740342,19.374369189509782
2441,4457,496483.0882295019,2142281.9823551597,168.0,-99.03349053541683,19.374642323538747
2456,4606,489623.8380690321,2142659.445109563,187.0,-99.0988112026295,19.37802982606176
2460,4473,489406.82420014363,2142204.0286083845,222.0,-99.10087526948178,19.37391295570649
2475,68,490267.5423811009,2142151.8070575055,7326.0,-99.09267867966255,19.373445372058306
2494,1941,499928.9181466149,2141227.2087870045,88.0,-99.00067685265637,19.36511307553376
2507,2181,499831.6167543818,2141079.783218361,95.0,-99.00160335888498,19.363780736609776
2511,996,486885.73266592046,2141338.702382127,11.0,-99.12487678585548,19.366077852411863
2526,1056,487084.65403765946,2141478.614169934,26.0,-99.1229835666837,19.367343567207087
2530,10096,498090.7511400307,2140224.024590668,441.0,-99.01817916466634,19.356046061731035
2545,6946,497810.86116119294,2139894.347537728,289.0,-99.02084379540442,19.35306637375499
255A,4901,491340.1308508541,2139669.560654545,215.0,-99.08245353752558,19.351017431311334
2564,6800,499555.14292449155,2139969.3717154735,371.0,-99.00423570594592,19.353745535927846
2579,4417,499063.1405172849,2139923.877947981,207.0,-99.00892028371331,19.353334224198942
2600,4667,498496.723776155,2139648.029337436,326.0,-99.01431318876939,19.350840942764723
2615,7690,499838.47633610014,2139743.396806398,273.0,-99.00153792817501,19.351703366833068
262A,5432,500300.73159452016,2139631.9906654493,241.0,-98.99713663779183,19.350696535595727
2634,4200,500468.4134667561,2139790.676447297,218.0,-98.9955400458018,19.35213060090714
2649,4309,500828.0333535967,2139875.178236675,212.0,-98.99211592264122,19.352894156218884
2653,3427,500993.81284790783,2139384.424719427,341.0,-98.99053771735001,19.348458974243908
2668,3460,501231.21638046997,2139362.3004066516,101.0,-98.98827736711439,19.348258897824937
2672,1034,490245.40237378754,2138292.002363382,22.0,-99.0928697649404,19.33856295985175
2687,4656,491270.9556438946,2139237.6691650804,102.0,-99.08311020119912,19.34711398479096
2691,7217,498134.1121734909,2139044.479016405,330.0,-99.01776514301109,19.345386147461685
2704,5016,500103.89342646004,2139247.364229182,231.0,-98.99901081822836,19.347220554498474
2719,4678,500727.8336139094,2139301.5385185317,209.0,-98.99307018823474,19.34771001709772
2723,3252,501627.39135699504,2139122.881193729,73.0,-98.9845055181342,19.34609490226291
2738,6698,499082.2101332868,2138984.069152481,493.0,-99.00873826068606,19.344840859065787
2757,5483,498008.73341797217,2138608.5316048567,322.0,-99.0189584208659,19.341446218837465
2776,7954,497431.88498939853,2138530.887638887,434.0,-99.02445036588429,19.340743869111417
2780,6872,498816.55127165373,2138820.3497869247,378.0,-99.01126749232196,19.343361131449225
2795,4830,500033.70988229,2139007.259655898,301.0,-98.99967904841061,19.345050648917596
2808,4320,493106.60259027174,2138655.38853285,195.0,-99.06563070875481,19.34185884989393
2812,3581,492750.08186610346,2138517.468564062,168.0,-99.069024548183,19.34061116573686
2831,4795,491703.70562863763,2137865.2325298456,274.0,-99.0789839776633,19.33471263830961
2846,4936,492687.76027979545,2138204.9333269345,167.0,-99.06961669787042,19.337786451089052
2850,3639,493191.3742958636,2138093.6084611043,271.0,-99.06482161015506,19.336782137631634
287A,2859,493885.9161026894,2138002.4495398365,287.0,-99.05820892652429,19.335960533958612
2884,3464,494244.25194646674,2138114.5319763706,139.0,-99.05479774150211,19.336974519694234
2899,6559,496487.7524413329,2138304.315290962,300.0,-99.03343879238186,19.33869482787835
2901,7668,496867.51028934424,2138065.4083740874,275.0,-99.02982286862076,19.33653636923788
2920,5442,500319.74951151,2138813.468907183,282.0,-98.99695569927185,19.343299269446184
2935,5663,500627.79876437876,2138992.527607791,253.0,-98.99402273654644,19.344917412541808
294A,3012,501057.42010442656,2138762.8509178692,338.0,-98.98993244495207,19.342841564378496
2954,1974,501417.23742240114,2138759.8112802263,74.0,-98.98650667482674,19.34281387266227
2969,2472,501764.0738061259,2138781.768707634,44.0,-98.98320447248194,19.3430120351641
2973,3752,500962.33902384486,2138548.3681336567,135.0,-98.99083780731762,19.34090325623532
2988,7510,489759.1867830502,2137597.8319773083,282.0,-99.09749510787934,19.33228708667204
3026,2493,493929.83404412045,2137312.611790978,138.0,-99.05778861449122,19.32972635902464
3030,5682,494908.5169219051,2137554.0039243903,219.0,-99.0484720974597,19.33191062078915
3045,6787,495353.22813691985,2137690.6287785796,322.0,-99.04423867720419,19.333146424676876
305A,6494,495876.9381861134,2137863.513141549,358.0,-99.0392531729744,19.334709983757065
3064,7629,495843.63949894,2137377.946155625,308.0,-99.039569132646,19.330321673111236
3079,6741,495527.2844455804,2137163.385264061,488.0,-99.04258037388986,19.328381930726664
3083,5621,498216.99874347186,2138025.1521024616,356.0,-99.01697502663123,19.336174208197164
3100,5076,499148.6680937846,2138302.947745832,282.0,-99.00810521181616,19.33868535594595
3115,5980,500153.15801498113,2138473.363069006,260.0,-98.99854182629652,19.34022563360353
3134,1927,501090.4476406962,2138141.0794763397,95.0,-98.98961834943873,19.337222379733532
3149,3862,501339.77408675477,2138441.853637248,153.0,-98.98724441592658,19.339940431277743
3153,3560,501770.6147693599,2138489.457543524,170.0,-98.98314246798303,19.340370311260067
3204,6595,496066.8857406105,2137238.987970493,250.0,-99.03744351141965,19.329066306820724
3219,7613,496370.3230229933,2137210.9222007557,395.0,-99.03455471522048,19.32881323662582
3223,7231,496721.4937781823,2137649.9775819066,299.0,-99.0312123053327,19.33278174074522
3238,6000,497738.8102795581,2137914.137467184,201.0,-99.02152747832685,19.335170448718856
3242,8092,499536.1080966588,2138325.1910154633,274.0,-99.00441654626218,19.338886502922325
3257,4049,498369.0263861534,2137603.023084478,119.0,-99.01552729005525,19.332359406630207
3276,6422,497901.69958401815,2137483.6485621836,262.0,-99.01997623056658,19.331280143017832
3295,5190,495241.31252318714,2137114.571886787,313.0,-99.04530271215334,19.32794013061283
3327,7178,494076.36886704696,2136556.082598632,220.0,-99.0563912422321,19.322889768589008
3346,6680,499717.45218385727,2137900.282950173,326.0,-99.00268997220986,19.33504649173556
3365,2467,501634.51095239725,2138295.7345179734,73.0,-98.98443844052173,19.338619683384334
337A,7522,493358.99746440974,2136285.8235059534,368.0,-99.06321946674781,19.32044509954433
3401,7248,496132.50559401687,2136768.3631643215,294.0,-99.03681785326471,19.324813226991864
3420,4302,501733.75624747516,2137701.393613448,55.0,-98.98349410343883,19.333248330388642
3488,4965,491258.93883501674,2134731.9905086025,226.0,-99.08320399686839,19.30639451456249
3492,5625,491157.90385464125,2134365.2166983695,201.0,-99.08416402765147,19.303079400557337
3505,5709,491795.5550847532,2134191.9435685943,157.0,-99.07809376707132,19.301516162716226
351A,5705,492113.1783305875,2133824.0627143304,302.0,-99.07506896518629,19.29819275053809
3539,4545,491996.89262733085,2133478.7474132623,142.0,-99.07617436013925,19.295071544307067
3558,1463,495334.6822310454,2143850.1631915257,75.0,-99.04443031502389,19.38881211483912
3562,1809,495674.57488085475,2143645.1519743223,59.0,-99.04119287029644,19.38696012856506
3577,2169,495848.0137774505,2143493.4299364984,128.0,-99.03954080693471,19.385589337028527
3581,3942,495258.65553799353,2143442.3778415704,54.0,-99.04515334176358,19.38512665709135
3596,4594,495415.5206747877,2143188.5780773554,72.0,-99.0436588538866,19.382833355814636
3613,1441,495772.0048812358,2144018.151925587,89.0,-99.04026583171816,19.39033124919956
3628,1158,495958.8794048379,2144074.5563579355,5.0,-99.038486229302,19.39084137827443
3632,6682,487968.61922422,2142694.736772231,120.0,-99.11457389533682,19.37833952492622
3647,2443,487915.3430477768,2142163.5377312223,81.0,-99.11507786867166,19.37353860093068
3651,2692,491569.94764003466,2141226.6145115835,158.0,-99.0802722606819,19.3650900099319
3666,1770,491950.06798571703,2141027.3929438866,21.0,-99.07665185701212,19.363291140881344
3670,4143,492396.72028949,2140704.7329506627,80.0,-99.07239752686468,19.360376899206333
369A,2858,500027.1716255474,2141762.044224136,84.0,-98.99974125985486,19.36994655789242
3702,2668,500068.84478548495,2141465.0522527564,71.0,-98.99934444046534,19.367262544457162
3717,2261,500234.9086195301,2141428.212257072,88.0,-98.99776313817364,19.36692959689164
3721,4549,493426.80005562934,2140849.9081369955,94.0,-99.06258973491413,19.36169252992723
3740,4482,489561.09098426095,2140024.92507716,259.0,-99.09939430440537,19.35422052108371
3755,3456,489956.7011580152,2139609.8633714393,45.0,-99.0956253116106,19.350471489365674
376A,1613,490532.7085617388,2140376.6077988828,116.0,-99.09014478108837,19.35740360528411
3774,3474,490754.3976492136,2140040.2132083992,133.0,-99.08803229318549,19.354364530573314
3789,3719,489376.2832537298,2139574.7491939273,59.0,-99.10115144571301,19.350151166468056
3793,4417,489593.4612377114,2139638.0241526943,198.0,-99.09908397954771,19.350724139367983
3806,2080,488956.445060575,2138778.822154624,135.0,-99.10514423321496,19.342955848022516
3810,5245,488916.94742232875,2138627.981844913,81.0,-99.10551940854971,19.341592436421305
3825,3400,489333.71130464756,2138477.287883536,130.0,-99.10155064997808,19.34023281857118
383A,3575,493012.4270908416,2139008.637466545,187.0,-99.0665286286078,19.345050956229
3844,1550,493301.70548870007,2138859.1440751352,23.0,-99.06377388769789,19.343700918125954
3859,2090,494901.47128265124,2138011.4829437626,115.0,-99.04854039514561,19.33604500291654
3863,4153,495146.46585717023,2138421.9722145433,326.0,-99.04620897566049,19.339755344572925
3897,3937,492324.23703235865,2135720.464452468,265.0,-99.07306766167191,19.31533206301486
390A,4006,491970.8678183655,2135647.1020886293,254.0,-99.07643116839053,19.314667682223096
3914,5355,491754.3498968562,2135281.4690955887,81.0,-99.07849067426379,19.311362446667143
3967,3638,490509.44837708294,2139731.7137489277,63.0,-99.0903630480465,19.351575377816527
3971,4809,491072.48295229784,2139680.334015657,67.0,-99.0850019518908,19.351113622502556
3986,2232,491435.3023925085,2138312.191233886,10.0,-99.08154128511094,19.338750833583802
3990,3618,491290.9793864988,2138243.8322640075,102.0,-99.08291501756995,19.33813243021046
401A,2883,489273.22292211937,2137980.737293107,48.0,-99.1021237514108,19.33574500070647
4024,8391,489700.14281634137,2138235.5460921237,187.0,-99.09806066093547,19.338050026446176
4039,5385,494323.36336954427,2137842.258721292,146.0,-99.05404374993007,19.334514115378806
4043,4417,494696.5083245975,2137969.2514791656,226.0,-99.05049162118965,19.33566281225749
4058,3227,493749.5289368032,2137424.3231164585,212.0,-99.05950550289387,19.330735381997147
4062,2990,493397.0862222984,2136908.795144647,96.0,-99.06285903133904,19.32607524548355
4077,4751,498465.17131173564,2138237.9880977357,96.0,-99.01461247600238,19.338097887159364
4081,5245,498803.5686868509,2138311.9221978863,108.0,-99.01139077943567,19.338766285520673
4096,6341,496788.4568818229,2137125.8149006628,228.0,-99.03057391629928,19.32804480203943
4109,7678,496792.85466623213,2136754.205901977,195.0,-99.03053142546992,19.32468644334732
4113,2033,492358.2059776847,2137848.2544481023,72.0,-99.07275281347216,19.334561794618164
4128,1861,492768.98621197644,2137950.955145245,6.0,-99.06884241902745,19.335491455497237
4147,508,492139.9425910641,2137594.5393966637,12.0,-99.07482971902918,19.33226804171467
4151,1449,492489.9490551353,2137586.4483910105,54.0,-99.07149753980927,19.33219625759165
4166,2650,492366.50147092826,2137360.968153472,56.0,-99.07267188931158,19.330158048431414
4170,4478,493828.35305958294,2136298.6530777873,168.0,-99.05875144808896,19.32056253883975
4185,3902,493622.79827053,2135940.201069587,155.0,-99.06070704516237,19.31732243564632
419A,3319,494605.08745530306,2137072.487205505,22.0,-99.05135945521978,19.327558190912463
4202,3513,494819.7068879432,2136841.9646098665,218.0,-99.0493156581214,19.325475438855516
4217,3246,494973.19586703874,2136674.0470882957,88.0,-99.04785402330077,19.323958296429435
4236,8000,495496.2148642997,2136380.9255343666,250.0,-99.0428743124872,19.321310488000368
4240,5046,497263.0465619151,2137169.661030163,206.0,-99.02605588193536,19.32844175693032
426A,5157,502443.5668633742,2137351.921395854,412.0,-98.97673693402426,19.330089287433513
4274,6175,502422.84403780894,2137010.383139303,141.0,-98.97693465117459,19.327002707573744
4289,3047,502912.29411533254,2137118.784385288,98.0,-98.97227494707191,19.327981720110298
4293,5256,503195.6966113795,2137231.441651503,244.0,-98.96957676583065,19.328999414418213
4306,1814,491446.6483334912,2134125.995869283,83.0,-99.08141452843347,19.300918717447853
4310,2911,491782.35787218664,2133924.305063918,71.0,-99.0782182347919,19.29909735743033
4325,1681,491548.95519248286,2133727.094679015,30.0,-99.0804389661281,19.29731412623025
433A,4019,492520.2843548863,2133589.5908045643,301.0,-99.07119310253186,19.296075289124563
4344,2790,492527.95873265556,2133307.023923184,55.0,-99.07111895354744,19.293521650675945
4359,2616,492724.99738146446,2133168.335887829,93.0,-99.06924301193351,19.29226899327836
4363,6175,493336.72355179273,2133425.705316037,189.0,-99.0634215398525,19.29459705628587
4382,2196,492945.0647255697,2133047.739118362,304.0,-99.06714798161654,19.291179894955107
4397,1640,493142.2791597559,2132933.93102304,40.0,-99.06527051283628,19.290152046723883
440A,1408,492983.7647004978,2132769.5628408855,27.0,-99.06677862093083,19.288666041111608
4414,8028,491070.78956449166,2136456.4892044878,268.0,-99.08500299648281,19.32197861722163
4429,2049,490088.0710674609,2136370.7863565893,70.0,-99.09435768332577,19.321199490428537
4433,3751,490591.56052059936,2136109.696719917,79.0,-99.08956337989082,19.31884234569188
4448,2475,490986.93890668004,2136059.5485282014,78.0,-99.08579935296926,19.318390947300347
4452,1960,490529.86393136816,2135843.4939880064,55.0,-99.09014937935258,19.316436285826097
4467,2193,490781.29069696576,2135802.1170008066,24.0,-99.08775576679172,19.316063513820094
4471,2274,490747.8805600898,2135658.4651109804,13.0,-99.08807311273517,19.314765125984
4503,4051,499203.3697580131,2141943.950856033,50.0,-99.00758593887952,19.371590348629233
4522,749,494480.4239481712,2142441.532261052,5.0,-99.05256178669589,19.376079717161325
4537,829,494473.9044571579,2142417.9420353575,9.0,-99.05262380199531,19.37586650698693
4541,1011,494601.57758718927,2142217.9723100937,4.0,-99.0514074321916,19.374059665459647
4556,1063,494761.30942507996,2142172.2094349856,4.0,-99.04988623208214,19.373646515264635
4560,969,493842.7569703908,2142415.461167099,13.0,-99.05863407154678,19.37584224931955
4575,528,493864.0863452588,2142296.2097216523,47.0,-99.05843057247448,19.37476460214976
4594,1164,494095.83094612614,2142190.223816819,18.0,-99.05622340636097,19.373807469503802
4611,751,494306.55239081074,2142112.0797730917,5.0,-99.05421654436238,19.37310186606271
4645,1184,494654.44898672577,2142112.3882765523,17.0,-99.05090365876548,19.373105610843012
465A,2794,494772.4625409272,2141872.377644586,140.0,-99.04977920202562,19.370936869669418
4664,3439,495961.82824168267,2141875.4299284336,68.0,-99.03845348111663,19.370967199209645
4679,440,496251.3309542231,2141691.050712967,6.0,-99.03569632982567,19.36930146678251
4683,2771,496378.9542853148,2141497.30160737,85.0,-99.03448068123758,19.367550728038335
4698,3320,493467.34915514855,2141879.5653327303,91.0,-99.06220715813797,19.37099800391051
4715,32,495291.06959413126,2140941.1927323,29.0,-99.04483846871179,19.362522735104445
472A,5525,494610.79549906484,2140625.903271123,101.0,-99.05131515026099,19.359671650798205
4734,11587,494766.07811369275,2139843.84235814,313.0,-99.04983442755929,19.35260431721341
4749,6128,494776.46398284397,2136534.727370449,282.0,-99.0497264843472,19.3226987123354
4768,3740,494326.51774258685,2137447.9447710766,144.0,-99.0540125475373,19.330950569234496
4772,4280,494701.5278175405,2137243.7879431318,281.0,-99.05044182043305,19.32910655354199
4791,2135,491940.659815622,2140595.4122083536,20.0,-99.07673961557154,19.3593871540219
4804,2676,491147.0680433432,2138426.9665780095,28.0,-99.0842859867953,19.339786849381127
4838,1560,502327.86189211387,2138451.6393617126,105.0,-98.97783711910265,19.34002796716215
4842,1895,502811.65981768403,2137576.5788713526,36.0,-98.9732323119907,19.33211911702682
4857,5508,497273.80278266454,2136732.2959234067,177.0,-99.02595285820968,19.324489143843405
4861,3584,496821.62751426664,2136502.0228760424,83.0,-99.03025709383502,19.322407418540095
4876,5532,500339.5673354982,2138044.052218752,197.0,-98.99676715278432,19.336345776953458
4880,5581,500062.0970498027,2138067.892048655,182.0,-98.99940880492026,19.33656125366938
4895,3426,492488.5065478841,2143426.469293099,49.0,-99.0715342825044,19.38497442535512
4908,5488,492623.0058379273,2143139.017831573,291.0,-99.07025229075481,19.382377139043935
4912,6803,491581.81267704617,2140342.0315823588,329.0,-99.0801553734916,19.35709579914097
4927,6812,491423.3538953013,2140150.0821824004,206.0,-99.08166330442792,19.35536041950323
4931,5485,499060.1359032362,2139434.6143032704,216.0,-99.00894865098019,19.348912580673595
4946,5350,498634.356870842,2139297.1867875783,215.0,-99.01300248753364,19.34767035684092
4965,4114,490096.83057750436,2136693.2185545336,73.0,-99.09427596745633,19.324113468246882
497A,1927,491897.6449046128,2139572.415016811,123.0,-99.07714484906006,19.35014181908056
4984,4002,491520.99562514847,2139252.7880304647,186.0,-99.0807296117318,19.34725168939834
4999,3431,496804.4309195416,2138665.3397587417,250.0,-99.03042442008969,19.341958060519193
5003,3643,497127.4146140522,2138640.2817534693,138.0,-99.02734931484069,19.341732090000757
5018,2989,493589.6961007403,2137794.8156457418,128.0,-99.06102838062546,19.334083151176994
5037,2646,502238.77371583204,2138362.998434469,210.0,-98.97868540506387,19.339226989126853
5041,3291,502295.2519313384,2138138.923970734,87.0,-98.97814796484748,19.33720188549791
5056,806,494433.6450752958,2137036.2978945295,22.0,-99.05299147714213,19.32723066810329
5060,5931,494238.754328597,2136959.0257385727,242.0,-99.0548465956117,19.326531783210097
5075,3792,497615.45146854117,2137213.951001191,225.0,-99.02270103175749,19.328842469946352
508A,3945,497894.07548144757,2137085.4540800485,97.0,-99.02004837444993,19.3276815075951
5094,1516,499192.0881582275,2141725.432368133,5.0,-99.00769327562956,19.369615522366615
5107,4853,499459.8985097082,2141403.0220418274,230.0,-99.00514298168238,19.366701885826654
5111,7653,493347.9179939555,2140498.091867395,28.0,-99.06333961858967,19.358512791843307
5126,4853,493541.33058611955,2140339.0475584003,48.0,-99.06149744970531,19.357076087352468
5130,2592,492735.7056922593,2137746.843507952,90.0,-99.06915848740492,19.333646707195914
5145,4478,492867.83352656296,2137423.8551338883,184.0,-99.0678993809937,19.330728220101403
515A,1634,492359.3693666195,2132990.663028671,47.0,-99.07272232496531,19.290661941451123
5179,1573,494540.54165945615,2142684.608930359,35.0,-99.0519899951676,19.37827664106884
5183,3932,494602.7207517129,2142634.1058536037,101.0,-99.05139772556097,19.377820397319947
5198,5541,494541.55773792637,2141650.896079359,260.0,-99.05197735674658,19.36893465567619
5200,4699,494667.9720642115,2141193.528017843,188.0,-99.05077231213316,19.364801613259917
5215,5858,491544.0766391153,2137453.391647582,226.0,-99.08050188341004,19.330990023476435
522A,2314,491045.6555723029,2137385.980267583,57.0,-99.08524662010196,19.330378646459177
5249,3208,491029.12031627755,2137060.1196291056,52.0,-99.08540250741916,19.327433655350493
5253,4458,496775.9907828723,2142416.5479910104,59.0,-99.03070153707377,19.375858927539163
5268,5103,496959.19763085357,2142164.751273663,54.0,-99.02895649634824,19.373583647014787
5272,3347,487422.8867009447,2142184.6506095724,236.0,-99.11976748638462,19.3737263786884
5287,2360,487234.6251631115,2141970.654557124,21.0,-99.12155879858194,19.371791243845298
5291,3411,499531.3724372607,2139261.7678652303,114.0,-99.00446186275335,19.347350673170634
5304,5300,499566.71761708637,2138785.1788569805,221.0,-99.00412522856762,19.34304358114291
5319,3414,500681.4751436189,2138514.725294184,113.0,-98.99351185510086,19.34059932890501
5323,3240,500738.3894434128,2137981.850908255,55.0,-98.99297019520934,19.335783534721966
5338,6974,498601.423866834,2137640.722749885,193.0,-99.01331483367483,19.332700287030026
5342,5210,499213.07749570836,2137810.078021777,125.0,-99.00749179089854,19.334231143516384
5357,3042,491433.0204820169,2135879.802912502,96.0,-99.08155210089122,19.316768468348716
5361,2123,491635.2676966873,2135696.0208719647,8.0,-99.07962603546419,19.315108413090183
5376,961,491108.6942280805,2135153.507130637,3.0,-99.08463609666669,19.310203260000055
5380,8787,495300.9956608965,2135902.943326909,429.0,-99.0447315490084,19.31699033992742
5395,3565,495273.9825663191,2135599.5048891897,35.0,-99.04498794631726,19.31424799038199
5408,2285,492425.7985578198,2132731.870285799,65.0,-99.07208903894279,19.288323380012926
5412,2677,492523.00441699295,2132829.374173426,53.0,-99.0711642432271,19.289204923949065
5427,4283,492752.46190619835,2132604.4601304466,128.0,-99.06897947200007,19.287173124392066
5431,2463,488828.15347410826,2141948.3840335584,54.0,-99.10638425096684,19.371599480329206
5446,4124,488486.0225194751,2141366.2652922487,199.0,-99.10963868118424,19.366336761598834
5450,3458,493702.2289037858,2136838.058659412,115.0,-99.05995387373875,19.325436952469673
5465,1777,493466.58346100815,2136800.474851065,30.0,-99.06219705491506,19.325096542780447
547A,3413,493971.52765658556,2142772.7139492054,78.0,-99.05740894807039,19.379071244388957
5484,4151,494288.25793166924,2142322.254674621,242.0,-99.05439138578856,19.375001230604482
5499,4474,495712.68087679305,2136300.5521783894,191.0,-99.04081345888657,19.32058459710287
5501,6014,495826.10479957337,2136150.471701757,180.0,-99.03973338367456,19.31922850279895
5516,4913,496040.02631850063,2136206.366575655,143.0,-99.03769707453029,19.319734077627988
5520,3557,495661.2246230317,2135948.770125488,146.0,-99.04130250186356,19.31740530227384
5535,4112,492396.6491151238,2137200.147035194,64.0,-99.0723842397987,19.32870476509039
554A,2658,492237.1380903139,2137076.4109538896,58.0,-99.07390228805926,19.327585908992592
5554,2894,497587.76949037623,2138402.950929183,146.0,-99.02296606783773,19.339587853261573
5569,4114,497965.70918241434,2138306.2769566225,185.0,-99.01936772319186,19.338714594426794
5573,3451,497202.93936240935,2137743.0727318,161.0,-99.02662894414269,19.333623801942785
5588,4157,497512.03405476257,2137506.1991673033,154.0,-99.02368595181902,19.331483496765664
5592,1833,496135.2600622688,2143088.738920044,107.0,-99.03680443957279,19.381932594424775
5605,4180,495693.88432067656,2142472.466126525,255.0,-99.04100632578123,19.37636224699727
5624,3644,490729.3792729483,2134807.9838357316,78.0,-99.08824510724952,19.307078927281115
5639,1737,494631.1236807173,2142776.6017351914,18.0,-99.05112764930126,19.379108252949205
5643,836,494836.53407071956,2142672.307193761,1.0,-99.04917125000001,19.378166249999996
5658,7959,495328.61146084435,2142266.177008744,149.0,-99.04448424344852,19.37449713044468
5662,2312,494996.10805686726,2141873.4150943216,74.0,-99.04764954188731,19.370946815408985
5677,5416,496114.1216055001,2141506.5039022355,279.0,-99.03700251568053,19.367633397021038
5681,6838,496654.8275067891,2141358.2131691827,61.0,-99.03185348997943,19.366294219443713
5696,1765,497075.4764729496,2141040.615863377,17.0,-99.02784748826365,19.363424645871152
5709,2911,491393.29184657935,2138028.3480246486,166.0,-99.08193997178716,19.33618546526734
5713,3338,491281.56544059934,2137835.4793886184,68.0,-99.08300277897008,19.33444196330968
5728,1591,495192.650500381,2136580.9876040323,88.0,-99.04576463184277,19.3231178200802
5732,2692,495254.79242533166,2136491.594943037,60.0,-99.04517283611177,19.322310093368678
5747,1979,499281.7214792472,2142364.7060819548,21.0,-99.00683999059257,19.37539287710231
5751,1984,499195.5573171571,2142144.03578379,16.0,-99.00766041761509,19.37339857688852
5766,2047,499405.87547063344,2142282.456149412,258.0,-99.00565767685934,19.37464959900157
5770,1531,499412.2580034824,2141870.8875469454,38.0,-99.00559677084341,19.370930124120154
5785,500,494014.7470831499,2142298.2294575884,3.0,-99.05699587970754,19.37478331012023
579A,364,494164.00320360705,2142263.7505595023,4.0,-99.05557445051596,19.37447215311856
5802,463,494272.2439295805,2142235.404580588,6.0,-99.05454362158937,19.37421629346583
5817,504,494220.07621295296,2142114.116804937,5.0,-99.0550400301396,19.373120028187635
5821,468,494425.185898655,2142158.112090295,4.0,-99.05308697750948,19.373518207622634
5836,492,494351.6524537614,2141999.547072437,1.0,-99.05378674,19.37208499999999
5840,755,494513.210119905,2142105.759706692,8.0,-99.05224860352438,19.373045325224805
5855,560,494564.32562401245,2141973.399699111,12.0,-99.05176147255368,19.371849285136726
586A,2523,490307.7290387155,2135226.89360794,34.0,-99.09226082735341,19.3108627855068
5874,1628,490461.92857214104,2135539.29232929,24.0,-99.09079456023795,19.31368678376148
5889,2195,490759.1482841603,2137682.5264357617,32.0,-99.08797564248412,19.333057342091944
5893,5778,490689.7838661158,2137527.2919643642,85.0,-99.08863525482732,19.331654114257393
5906,3780,493276.8368168805,2137482.5428922097,32.0,-99.06400581183782,19.331260010615928
5910,3698,493542.6536028463,2137485.348373148,57.0,-99.06147519529387,19.33128623553753
5925,3653,491116.3477801358,2137172.331577277,33.0,-99.08457262712376,19.32844814140531
593A,3627,491546.2533221623,2137156.168554299,45.0,-99.08047984541919,19.32830392265153
