ageb,POBTOT,x,y,n_denue,lon,lat,dist_hosp_pub_m,dist_hosp_priv_m,pub_caminando_min,pub_auto_min,priv_caminando_min,hosp_mas_cercano,penaliza_publico_m
0017,5868,494314.1477775191,2144819.5127446293,532.0,-99.05415230440444,19.397569778518672,2034.1211959088287,1265.319121646541,27.121615945451047,6.102363587726487,16.87092162195388,Privado,768.8020742622878
0021,7518,493992.83306173695,2144355.016943797,205.0,-99.05721105172084,19.393371057059092,1949.7298042309092,1613.630062735937,25.996397389745457,5.849189412692728,21.515067503145826,Privado,336.09974149497225
0036,10273,494523.0769416042,2143898.1270093275,508.0,-99.05215980189502,19.389243525768286,1066.1349854963994,1190.2636052095215,14.215133139951991,3.1984049564891985,15.870181402793621,Publico,0.0
0040,3860,495110.2356593102,2144405.059429801,274.0,-99.04656926529,19.39382634258848,1081.583483311559,183.0447540279061,14.421113110820786,3.244750449934677,2.4405967203720813,Privado,898.5387292836529
0055,3701,491307.8580222581,2143932.6004823856,62.0,-99.08278026825349,19.389543713280677,4702.250810670551,4744.647619286293,62.696677475607345,14.106752432011653,63.26196825715057,Publico,0.0
006A,2957,493925.8734971825,2143659.172247398,54.0,-99.05784653958494,19.387082300022687,1767.2956897415945,2002.5568874764224,23.563942529887928,5.301887069224784,26.70075849968563,Publico,0.0
0074,2480,495007.2945320249,2144024.6985562127,151.0,-99.0475486602733,19.390388654767527,668.1582342100955,661.037717528787,8.908776456134607,2.004474702630287,8.81383623371716,Privado,7.1205166813085725
0089,2144,495457.94471705134,2144219.0159020643,308.0,-99.04325730123502,19.39214583002504,846.8537938427311,455.62190495041864,11.291383917903081,2.5405613815281933,6.074958732672249,Privado,391.23188889231244
0093,1677,490799.2248884678,2143816.9247217244,39.0,-99.08762371077252,19.38849604829648,4764.0672069432085,4068.82846713313,63.520896092576116,14.292201620829626,54.25104622844173,Privado,695.2387398100786
0106,1524,490975.0033392127,2143799.235228901,37.0,-99.08594959975235,19.38833698195705,4730.108081156968,4280.206055665484,63.06810774875957,14.190324243470906,57.06941407553979,Privado,449.902025491484
0110,1932,491348.4871764229,2143699.559289704,31.0,-99.0823922742528,19.38743782719338,4404.043731569411,4715.544292207424,58.720583087592146,13.212131194708233,62.873923896098994,Publico,0.0
013A,2880,494156.35845550575,2143517.445478371,61.0,-99.05565109704128,19.385802157356277,1468.6094899552077,1874.7360370686074,19.581459866069437,4.405828469865623,24.9964804942481,Publico,0.0
0144,1855,494812.1636000169,2143685.056238511,36.0,-99.0494060878558,19.38731870996783,624.90765966949,1169.4741588309362,8.332102128926534,1.8747229790084703,15.592988784412482,Publico,0.0
0178,2948,496220.7301672943,2143727.560010146,416.0,-99.03599176477375,19.387705978512788,1231.0223027970633,1622.3149567199462,16.413630703960845,3.6930669083911902,21.630866089599284,Publico,0.0
0182,2946,490597.8341237469,2143422.7364761475,26.0,-99.08953970941415,19.38493271904228,4282.163155610231,3684.7740114986664,57.09550874146975,12.846489466830693,49.13032015331555,Privado,597.3891441115647
0197,2762,491043.2368836445,2143335.070100812,41.0,-99.08529759337743,19.384142490384924,4125.393888326718,4235.362142698212,55.005251844356245,12.376181664980155,56.47149523597616,Publico,0.0
0214,6202,493321.8087122156,2142784.3570692157,313.0,-99.06359623880346,19.37917440946341,2757.717248497685,3318.717314477436,36.76956331330246,8.273151745493056,44.249564193032484,Publico,0.0
0229,0,493710.5559580367,2143325.8297060267,11.0,-99.05989599948964,19.384069119298577,2073.932379252131,2480.302457480256,27.652431723361744,6.221797137756393,33.07069943307008,Publico,0.0
0233,1933,494367.2115223037,2143066.3254437186,59.0,-99.0536417332901,19.38172585163662,1373.0129319545333,2154.6886034378617,18.30683909272711,4.1190387958636006,28.72918137917149,Publico,0.0
0248,1549,494559.3218642987,2143162.293945068,64.0,-99.05181251785766,19.38259367857423,1094.4099062479147,1924.182856151751,14.592132083305529,3.2832297187437445,25.65577141535668,Publico,0.0
0252,3188,494708.3166663729,2143411.923732404,68.0,-99.0503943089912,19.384850057599603,783.4444777627513,1547.3987586341184,10.445926370170017,2.3503334332882537,20.63198344845491,Publico,0.0
0271,4150,497110.035369779,2143367.534636589,281.0,-99.02752194706744,19.384453798207232,2392.0761837402297,2844.726990268592,31.894349116536397,7.17622855122069,37.92969320358123,Publico,0.0
0286,2480,496344.7877319407,2143235.14610298,92.0,-99.03480936072086,19.3832561139006,1455.1372920805159,2177.5194394978153,19.401830561073545,4.365411876241548,29.033592526637538,Publico,0.0
0290,1588,496342.79232313513,2143036.641645171,21.0,-99.034827982065,19.38146216435997,1554.3023390479336,2374.4326617075767,20.724031187305783,4.662907017143801,31.659102156101024,Publico,0.0
0303,1103,496214.235110155,2142998.8089494114,43.0,-99.0360521708226,19.381120020121223,1434.1932653384533,2317.024706321162,19.122576871179376,4.30257979601536,30.893662750948824,Publico,0.0
0318,3528,497460.020682443,2143185.567659632,154.0,-99.02418869579616,19.382809780413183,2878.0523209227395,3356.861826848918,38.37403094563653,8.634156962768218,44.75815769131891,Publico,0.0
0322,4540,487361.6000138488,2142826.3025882137,244.0,-99.12035535567918,19.37952479204589,3788.860508507401,598.156622183732,50.51814011343201,11.366581525522204,7.975421629116426,Privado,3190.703886323669
0337,5329,487718.3095867716,2142815.763305248,128.0,-99.1169583513682,19.37943176074937,3580.898912313352,142.72081255912556,47.745318830844695,10.742696736940056,1.9029441674550076,Privado,3438.1780997542264
0356,5122,488394.9246992245,2142717.24136318,403.0,-99.1105143646166,19.37854541656283,3230.2590026470702,767.5385833362567,43.07012003529427,9.690777007941211,10.233847777816756,Privado,2462.7204193108137
0360,5255,488344.8357670214,2142374.600514054,107.0,-99.11098926042976,19.37544857881948,2800.7607186221717,924.2192605494846,37.34347624829562,8.402282155866516,12.322923473993129,Privado,1876.541458072687
0375,6884,489039.1198034965,2142744.4467314337,241.0,-99.1043799016396,19.378794902143724,3259.1835525526694,1590.3029906491956,43.455780700702256,9.77755065765801,21.204039875322607,Privado,1668.8805619034738
038A,5123,489097.8739046776,2142293.8527653413,247.0,-99.10381781041202,19.374723069306576,2690.989421922305,1813.4033658602204,35.87985895896407,8.072968265766916,24.17871154480294,Privado,877.5860560620847
0407,6972,492056.5332561652,2142615.315100783,396.0,-99.0756447110904,19.37764211511299,2751.324908878926,4784.15059447755,36.68433211838568,8.253974726636779,63.788674593033996,Publico,0.0
0411,4975,492631.9989957499,2142642.5220208094,409.0,-99.07016472614548,19.37789018803827,2637.8206416221788,4136.369706134477,35.170941888295715,7.913461924866537,55.15159608179303,Publico,0.0
0426,8211,492772.5088559375,2142187.76675138,377.0,-99.0688249398936,19.373780934964916,2042.0209957923912,4210.3787029505775,27.226946610565218,6.126062987377174,56.1383827060077,Publico,0.0
0445,3848,496347.0200778965,2142605.208251432,269.0,-99.03478689296894,19.37756317442748,1885.3326914854583,2842.1269498566835,25.13776921980611,5.655998074456376,37.89502599808911,Publico,0.0
0464,4863,497378.9531662812,2142227.372069338,166.0,-99.02495939782278,19.37415016308315,2816.4458921721853,3702.404127280761,37.552611895629134,8.449337676516556,49.36538836374348,Publico,0.0
0479,4554,497958.6480758456,2142880.702864253,201.0,-99.01943984765424,19.38005519215579,3107.4492850587358,4116.481541163006,41.432657134116475,9.322347855176208,54.88642054884008,Publico,0.0
0483,6782,486172.240573989,2142190.1363178124,363.0,-99.131676973043,19.373767727565085,4174.379624464632,1320.0759773113705,55.65839499286176,12.523138873393897,17.601013030818272,Privado,2854.3036471532614
0498,5441,485867.6082000426,2141824.601778082,170.0,-99.1345751640296,19.370462162222573,4249.398102051526,1576.4835304378742,56.65864136068701,12.748194306154577,21.019780405838322,Privado,2672.914571613652
0500,6227,486524.7895047127,2142032.556244105,149.0,-99.1283186629924,19.37234602783981,3686.8681651648963,819.163739515938,49.158242202198615,11.06060449549469,10.92218319354584,Privado,2867.704425648958
0515,7149,486901.1145575961,2141967.976940501,289.0,-99.12473464288522,19.37176489665231,3261.8702848949933,386.3414077933218,43.49160379859991,9.78561085468498,5.151218770577624,Privado,2875.5288771016717
0534,4645,488269.0448131502,2141980.35354541,109.0,-99.11170856985858,19.371885208707635,2322.3562237082638,1277.7192910388783,30.964749649443515,6.967068671124792,17.03625721385171,Privado,1044.6369326693855
0553,5795,492056.2619027186,2141788.62049104,421.0,-99.07564384728268,19.37017101854123,1772.5474804040566,3791.0319823834784,23.633966405387422,5.31764244121217,50.54709309844638,Publico,0.0
0568,5839,492455.7602760329,2141705.661332084,234.0,-99.07183931784697,19.369422831672424,1467.2437603112587,3599.7826373735165,19.56325013748345,4.4017312809337765,47.99710183164689,Publico,0.0
0572,5325,492779.6072814069,2141402.930091268,384.0,-99.06875436947792,19.36668814434683,1022.1375075666396,3190.4598007578093,13.628500100888527,3.066412522699919,42.539464010104126,Publico,0.0
0587,2637,496509.38315430685,2141835.1906102183,20.0,-99.03323931771534,19.37060457050024,2784.1014955022947,3196.547366315145,37.12135327336393,8.352304486506885,42.6206315508686,Publico,0.0
0591,3807,496787.1363427764,2141636.2135136365,139.0,-99.0305940841764,19.368806814420303,2706.3338851383714,2895.6902758081706,36.08445180184495,8.119001655415115,38.609203677442274,Publico,0.0
0604,3653,497091.61176450347,2141803.120413941,131.0,-99.02769501088802,19.370315669886526,2572.7741301689884,3112.5566841577265,34.303655068919845,7.718322390506966,41.50075578876969,Publico,0.0
0619,5610,497843.8604134106,2141968.591638584,475.0,-99.02053194084112,19.371812035282645,2267.2578106177452,3363.8218778452892,30.230104141569935,6.801773431853236,44.85095837127052,Publico,0.0
0623,5433,498368.11178074393,2142573.263384867,484.0,-99.01554025073818,19.377277140221604,2460.14232935372,4084.5410984107975,32.80189772471627,7.380426988061161,54.46054797881063,Publico,0.0
0638,4162,498829.148317404,2142279.520997791,273.0,-99.01114968165132,19.374622819499717,1767.0427417551452,3754.292595619444,23.560569890068603,5.301128225265436,50.05723460825925,Publico,0.0
0642,2515,485751.1074320714,2141140.191455807,129.0,-99.13567941783282,19.364276117935947,4046.2560905301916,1884.789137499573,53.950081207069225,12.138768271590575,25.130521833327638,Privado,2161.4669530306187
0657,1916,486272.90551552025,2141168.422464292,28.0,-99.13071101605384,19.3645348849882,3413.9185672041112,1272.9404488825655,45.51891422938815,10.241755701612334,16.972539318434208,Privado,2140.9781183215455
0676,2699,487347.37859671545,2141505.663187292,335.0,-99.1204820131071,19.367589690307465,2428.0619924301627,455.6502552479055,32.374159899068836,7.2841859772904884,6.075336736638739,Privado,1972.4117371822572
0680,3125,487618.1369234805,2141372.55954571,143.0,-99.11790291121976,19.36638848013015,2053.4930867979474,836.6142444687354,27.379907823972633,6.160479260393843,11.154856592916472,Privado,1216.8788423292121
0695,3633,487875.5273244513,2141331.175438022,131.0,-99.11545172181437,19.36601605003781,1789.8450346524164,1026.7150795523244,23.864600462032218,5.36953510395725,13.689534394030991,Privado,763.129955100092
0708,4420,488175.2189791631,2141292.3793861982,235.0,-99.11259775966752,19.36566722549517,1531.6385346312331,1330.5042917431851,20.42184712841644,4.5949156038937,17.74005722324247,Privado,201.134242888048
0727,2181,488642.13050422544,2140869.5457324577,263.0,-99.1081492276218,19.36184864135601,806.9470488020186,1800.6720004389942,10.759293984026915,2.420841146406056,24.008960005853258,Publico,0.0
0731,11610,489450.2859216417,2141191.127666555,425.0,-99.10045578977154,19.364759286317465,1530.406810277886,2887.2346954033746,20.40542413703848,4.591220430833658,38.496462605378326,Publico,0.0
0746,7993,490185.5335335248,2140784.4647610164,652.0,-99.09345257671356,19.361087873129875,1398.585750967039,2978.8421632442555,18.647810012893853,4.195757252901117,39.71789550992341,Publico,0.0
0750,9308,490720.69692382537,2141256.099141797,237.0,-99.08835909392316,19.36535272679479,1490.558365101223,3903.101693396978,19.874111534682974,4.471675095303669,52.041355911959705,Publico,0.0
0765,3454,497263.5269559504,2141542.087289654,71.0,-99.02605758054774,19.367956871274767,2170.9380105584223,2799.05947817788,28.945840140778966,6.512814031675267,37.32079304237173,Publico,0.0
077A,4047,497463.4552051061,2141350.8083266383,165.0,-99.02415354465904,19.36622848388468,1812.0927737969298,2609.3320496899064,24.161236983959064,5.43627832139079,34.79109399586542,Publico,0.0
0784,6393,498409.4150528315,2141462.8010149314,437.0,-99.01514599802384,19.36724157040602,1493.626019316905,2641.951231584944,19.915013590892066,4.480878057950715,35.226016421132584,Publico,0.0
0801,3649,485721.6923978804,2140781.11198162,177.0,-99.13595682026232,19.36103079878935,3976.801184992744,1997.7674343147173,53.02401579990325,11.930403554978232,26.63689912419623,Privado,1979.0337506780265
0816,1207,486705.5378445335,2140977.4513978376,14.0,-99.12659011535976,19.36281193198596,2800.5245613726083,739.3407599240711,37.340327484968114,8.401573684117826,9.857876798987615,Privado,2061.1838014485375
0820,1112,486984.2844154981,2141029.149230131,20.0,-99.12393624304904,19.36328096717641,2488.4641772397304,432.04140109063405,33.179522363196405,7.465392531719192,5.760552014541787,Privado,2056.4227761490965
0835,6828,497828.4183604317,2140965.6085812734,392.0,-99.0206778454402,19.36274773583908,1122.6522879490403,2107.332278260089,14.96869717265387,3.3679568638471213,28.09776371013452,Publico,0.0
084A,7352,498575.16602717206,2140776.396285638,441.0,-99.01356715740675,19.361038430617107,645.1588136113403,1772.5353179332992,8.60211751481787,1.935476440834021,23.633804239110656,Publico,0.0
0854,3289,499041.71510612295,2141097.9896608223,343.0,-99.00912487538606,19.36394505260512,1178.1413652009885,2345.000892536297,15.70855153601318,3.5344240956029656,31.26667856715063,Publico,0.0
0888,4544,500475.8921853509,2141558.0461868923,95.0,-98.99546839668358,19.36810290555881,611.792347838717,2827.6629805708294,8.157231304516227,1.835377043516151,37.702173074277724,Publico,0.0
0892,2220,500531.4952687093,2141303.460588748,118.0,-98.99493899668448,19.365802118862945,294.3713082872674,2517.725711319448,3.924950777163566,0.8831139248618023,33.56967615092597,Publico,0.0
0905,2580,485854.3708962773,2140514.464152093,153.0,-99.13469149096636,19.358621959411245,3760.3165922640455,1872.1933880295558,50.13755456352061,11.280949776792138,24.962578507060744,Privado,1888.1232042344898
091A,1444,486773.8795336333,2140758.745071535,55.0,-99.1259378481247,19.36083586682054,2632.3697767450153,637.2181402178261,35.09826368993354,7.897109330235047,8.496241869571014,Privado,1995.151636527189
0924,3759,486830.25143956224,2140547.4386244165,245.0,-99.1253996214079,19.35892659536724,2505.453611242298,672.7286215533809,33.40604814989731,7.516360833726894,8.96971495404508,Privado,1832.724989688917
0939,4294,487348.7187061744,2140736.418624639,293.0,-99.12046414578452,19.360637799027675,1907.7939795576294,179.2646979661648,25.43725306076839,5.723381938672889,2.3901959728821973,Privado,1728.5292815914647
0943,3439,487821.2954471254,2140718.098858586,157.0,-99.1159642106035,19.360475158766985,1331.5604005782036,750.0091683953614,17.754138674376048,3.994681201734611,10.000122245271484,Privado,581.5512321828422
0958,5599,488173.1361359973,2140744.9999736613,542.0,-99.11261419620408,19.360720375222627,968.7696473829898,1196.9051993948565,12.916928631773198,2.9063089421489696,15.95873599193142,Publico,0.0
0962,8084,489076.4534796191,2140516.086136108,248.0,-99.10401159949949,19.35865672443312,557.7585541353294,1916.3996729909638,7.436780721804392,1.6732756624059884,25.551995639879518,Publico,0.0
0977,7001,489871.9712612343,2140676.413330185,436.0,-99.09643771478969,19.36010982118392,1575.5245813149677,2604.880078218145,21.0069944175329,4.726573743944903,34.73173437624194,Publico,0.0
0981,6435,490601.9321699308,2140638.8426104365,640.0,-99.0894869474329,19.359773830785723,862.3648073260042,3254.5038142710177,11.49819743101339,2.587094421978013,43.39338419028024,Publico,0.0
1000,5229,492586.4095400943,2140543.396374623,240.0,-99.07059070194752,19.35891955723382,237.83922373721256,2079.646679811559,3.171189649829501,0.7135176712116378,27.728622397487452,Publico,0.0
1015,6358,493022.8755723944,2140397.427521221,333.0,-99.0664342290257,19.3576019524381,451.4950225393947,1922.6736835982113,6.019933633858596,1.354485067618184,25.635649114642817,Publico,0.0
1034,6566,493690.4861582733,2140456.025461939,237.0,-99.06007762425062,19.358133729185045,850.5237079123738,2328.4813998904137,11.340316105498317,2.5515711237371215,31.04641866520552,Publico,0.0
1049,4690,494200.3545894103,2140653.979707025,134.0,-99.05522338760171,19.35992424354537,373.2653731245266,2933.390915784954,4.976871641660355,1.11979611937358,39.11187887713272,Publico,0.0
1053,7253,494225.27868298953,2140150.5881698965,218.0,-99.05498453936652,19.35537499997079,363.8312280079557,2501.674808379509,4.851083040106076,1.0914936840238672,33.35566411172679,Publico,0.0
1087,5902,495980.9467513351,2140797.5406693257,254.0,-99.03826915181624,19.361226003455364,2190.1004045888103,2186.6438054444097,29.201338727850803,6.570301213766431,29.155250739258797,Privado,3.4565991444005704
1091,4232,496647.8100572087,2140603.9145469028,318.0,-99.03191898506256,19.359477364072276,2265.483752104838,1592.2234785448265,30.206450028064506,6.796451256314515,21.229646380597686,Privado,673.2602735600115
1104,6367,497354.40178009256,2140292.6201264327,478.0,-99.0251905068934,19.35666514777819,1353.1661738213122,1264.5950355504187,18.04221565095083,4.0594985214639365,16.86126714067225,Privado,88.57113827089347
1123,3739,498760.4695113222,2140329.6643148395,77.0,-99.0118024217255,19.3570012881582,187.11009216151467,1283.0505510635219,2.4948012288201955,0.561330276484544,17.10734068084696,Publico,0.0
1138,4768,499558.8315243665,2140628.459122247,356.0,-99.00420073744722,19.359701930414136,586.1050794733909,1723.4694025945496,7.814734392978545,1.7583152384201728,22.979592034593995,Publico,0.0
1142,3200,500251.2616093292,2140964.297111511,82.0,-98.99760748185712,19.362737042063696,376.25678763611376,2022.4152510565948,5.016757168481517,1.1287703629083414,26.965536680754596,Publico,0.0
1157,2662,500494.89068084926,2140912.649255825,144.0,-98.99528765430878,19.36227023812692,216.26831026977482,2013.130857450459,2.8835774702636643,0.6488049308093244,26.84174476600612,Publico,0.0
1176,2180,487465.8011364177,2140061.250038517,145.0,-99.11934486257243,19.354536822316444,1669.6758382697537,1047.6159064616647,22.262344510263382,5.009027514809262,13.96821208615553,Privado,622.059931808089
1180,2051,488079.082592488,2139960.035291123,246.0,-99.11350485533865,19.35362584472127,935.8023711155054,1299.5643300968661,12.477364948206738,2.807407113346516,17.327524401291548,Publico,0.0
1195,3664,488536.9208959465,2139802.7809219486,330.0,-99.10914461487114,19.352207350541683,643.0018171228355,898.4575766533509,8.573357561637806,1.9290054513685067,11.979434355378011,Publico,0.0
1208,991,488946.1944131797,2139921.649675611,252.0,-99.10524845002968,19.353283899070185,513.7114637973883,1132.3820366473974,6.849486183965178,1.5411343913921651,15.098427155298632,Publico,0.0
1227,5183,489999.5258881344,2140108.581056727,234.0,-99.09522017980764,19.35497877744709,1384.0220041888,2214.738708094571,18.453626722517335,4.152066012566401,29.529849441260946,Publico,0.0
1246,4327,492293.7078664351,2139832.1371624046,488.0,-99.0733748716188,19.352490572392107,520.4546809974199,1275.3896702813515,6.9393957466322655,1.56136404299226,17.005195603751353,Publico,0.0
1250,3051,492685.21441880846,2139895.448970116,122.0,-99.06964741683107,19.35306420560244,942.3712586677966,1230.7710239357768,12.564950115570621,2.82711377600339,16.41028031914369,Publico,0.0
1265,3915,493173.2117757339,2139897.7117594774,173.0,-99.06500098135297,19.35308637247318,1082.4878585582128,1365.3216462314538,14.433171447442838,3.2474635756746384,18.204288616419383,Publico,0.0
127A,2174,493815.42798790656,2139535.019673017,325.0,-99.05888497276106,19.34981068180639,1322.074478071688,1612.6768932157433,17.627659707622506,3.966223434215064,21.50235857620991,Publico,0.0
1284,1379,494258.7888151467,2139739.890872316,86.0,-99.05466423327368,19.351663487344503,871.0187371229704,2246.818726888081,11.613583161639605,2.613056211368911,29.957583025174415,Publico,0.0
1299,3461,494472.07394815766,2139226.9801339144,195.0,-99.05263197950372,19.347028737454,1540.1514835090618,1975.096572802427,20.535353113454157,4.620454450527186,26.334620970699028,Publico,0.0
1301,4045,494675.4086972935,2139218.340689613,333.0,-99.05069598391272,19.3469512087888,1601.6743294747446,2060.0115016012837,21.355657726329927,4.805022988424234,27.46682002135045,Publico,0.0
1316,3355,495390.30039818346,2139582.409964091,137.0,-99.0438903075156,19.350243193426973,1731.2379460543912,2022.9772089848286,23.083172614058547,5.193713838163173,26.973029453131048,Publico,0.0
1335,0,499848.3163552242,2140415.7607482546,27.0,-99.0014442910965,19.357779747103372,190.99132342658464,1338.481737417106,2.5465509790211285,0.5729739702797539,17.84642316556141,Publico,0.0
134A,4839,500425.4447946384,2140273.120408819,309.0,-98.99594906028602,19.35649061930618,632.5062747774708,1193.3270315739326,8.433416997032944,1.8975188243324126,15.911027087652434,Publico,0.0
1354,5489,487917.07288659207,2139369.6083921683,284.0,-99.1150436860176,19.348288998730805,1568.0995296618541,965.1375261511821,20.90799372882472,4.704298588985563,12.868500348682428,Privado,602.962003510672
1369,6296,488487.5315901385,2139112.117849673,329.0,-99.1096107015961,19.345965320878623,1521.3572955478132,165.59529888292997,20.28476394063751,4.56407188664344,2.207937318439066,Privado,1355.7619966648833
1388,5484,489200.5220619188,2139070.063025619,290.0,-99.10282205933352,19.345589214611227,1655.9054480357954,763.7171939219846,22.078739307143938,4.967716344107386,10.182895918959796,Privado,892.1882541138108
141A,4046,492150.19736191566,2139309.088071344,251.0,-99.07473914256153,19.347763047639024,664.9259782843286,877.9895939664761,8.865679710457714,1.994777934852986,11.706527919553015,Publico,0.0
1424,2881,492546.2404526284,2139102.246754085,294.0,-99.07096755128715,19.34589526054703,1193.990529691087,302.62690898007475,15.919873729214492,3.581971589073261,4.0350254530676635,Privado,891.3636207110122
1439,2585,493030.8157517052,2139412.6297351,110.0,-99.06635502613568,19.34870203501514,1535.271418598073,723.860076056785,20.470285581307643,4.605814255794219,9.651467680757134,Privado,811.411342541288
1443,1973,493444.4859996379,2139582.876818862,70.0,-99.06241697411244,19.35024200713951,1582.633365927412,1249.292070537189,21.101778212365492,4.747900097782236,16.65722760716252,Privado,333.34129539022297
1458,1726,493424.5581520543,2139267.9437800646,114.0,-99.06260562736618,19.34739578590072,1519.0139771221227,1003.0140807883539,20.253519694961636,4.557041931366368,13.373521077178053,Privado,515.9998963337688
1462,2160,493808.88246132113,2139172.66672954,150.0,-99.05894611849942,19.34653595538545,1303.4747370811945,1353.0707236563917,17.379663161082593,3.9104242112435834,18.040942982085223,Publico,0.0
1477,2157,494089.7420846396,2139270.1672431454,38.0,-99.05627233489518,19.34741794616734,1470.988198855754,1725.9529559213381,19.613175984743386,4.412964596567262,23.012706078951176,Publico,0.0
1481,2435,494180.8791645277,2139062.569621465,10.0,-99.05540397402332,19.34554208161609,1249.1763858464312,1683.4474165607294,16.655685144619085,3.7475291575392937,22.445965554143058,Publico,0.0
1496,2524,495326.3038415037,2139175.114592059,195.0,-99.04449863959162,19.34656217864621,2046.8931707792867,2117.1330490195255,27.291908943723822,6.140679512337861,28.228440653593672,Publico,0.0
1509,4535,496019.0630888385,2139829.611007144,277.0,-99.03790418976568,19.35247857680489,1850.2590680293836,1310.356267884351,24.670120907058447,5.550777204088151,17.47141690512468,Privado,539.9028001450326
1513,5064,496623.4111599481,2139826.360722315,442.0,-99.032149930286,19.35245030933706,1335.830612963227,673.868849208375,17.811074839509693,4.007491838889681,8.984917989445,Privado,661.961763754852
1566,9689,488295.31522165134,2138414.308562028,408.0,-99.11143651928468,19.339657876866987,2461.4030562935386,1002.4078103204116,32.81870741724718,7.384209168880616,13.365437470938822,Privado,1458.995245973127
1585,0,492000.6720238897,2138770.699418748,13.0,-99.07616053753354,19.342896857717648,1286.9610290088538,965.8646140080343,17.15948038678472,3.8608830870265614,12.878194853440458,Privado,321.09641500081943
159A,6649,492207.5302960937,2138685.2106886827,272.0,-99.07419071960793,19.342125079304424,1447.5492218767567,751.650938914114,19.30065629169009,4.34264766563027,10.022012518854854,Privado,695.8982829626427
1621,4393,493504.5746140116,2138476.490242876,157.0,-99.06184108662242,19.34024340939649,576.0317864813754,700.6696396367821,7.680423819751672,1.7280953594441264,9.342261861823761,Publico,0.0
1636,2883,493799.65013863856,2138396.2384477886,174.0,-99.05903149741629,19.339519077647623,295.7530810965207,850.0425631150019,3.943374414620276,0.8872592432895622,11.333900841533358,Publico,0.0
1640,4166,494121.65762496047,2138536.919583246,165.0,-99.05596620414576,19.34079142903123,613.5278020568899,995.9505904548566,8.180370694091865,1.8405834061706696,13.279341206064755,Publico,0.0
1655,2448,494627.8382662821,2138435.54329845,217.0,-99.05114670302656,19.339876672455016,1099.629527111181,1169.139656130104,14.66172702814908,3.2988885813335433,15.588528748401385,Publico,0.0
166A,3498,495327.216170353,2138905.8670655694,196.0,-99.04448929384805,19.34412889837389,2174.89053190586,2194.775982080096,28.998540425411466,6.52467159571758,29.263679761067948,Publico,0.0
1674,3237,495747.080851345,2139197.021754621,174.0,-99.04049243722184,19.346761095533203,1817.643193132907,1572.7168078401126,24.235242575105428,5.452929579398721,20.96955743786817,Privado,244.92638529279452
1689,2788,496075.20797984005,2139086.3106287923,132.0,-99.03736808120318,19.34576122856503,1372.5224532405207,1198.8442458359805,18.300299376540277,4.117567359721562,15.98458994447974,Privado,173.67820740454022
1693,2012,496384.5750640676,2139059.362480137,133.0,-99.03442253579291,19.34551826910923,970.0467021285741,853.5808179582197,12.933956028380988,2.9101401063857226,11.381077572776261,Privado,116.46588417035446
1706,7319,496813.7818663602,2139278.192488044,544.0,-99.03033641483154,19.34749663728604,605.5809490671154,238.46250150499355,8.074412654228205,1.8167428472013463,3.179500020066581,Privado,367.11844756212184
1710,7600,497584.629674644,2139373.681692676,449.0,-99.02299718974714,19.348360680151654,839.8633483966271,556.4540930101621,11.198177978621695,2.5195900451898816,7.419387906802161,Privado,283.409255386465
1759,3567,495604.533862172,2138493.939008393,260.0,-99.04184802055777,19.34040678710277,2047.0932492076395,2105.19643016042,27.29457665610186,6.141279747622919,28.069285735472263,Publico,0.0
1763,6474,496037.0551056402,2138514.9233979345,410.0,-99.03773014938572,19.340597329344277,1504.3781047622606,1653.8257805833566,20.058374730163475,4.513134314286782,22.051010407778087,Publico,0.0
1778,6931,488724.139985968,2138157.5359672066,356.0,-99.10735230598564,19.33733978680739,2727.8537631177505,1254.164267992118,36.371383508236676,8.183561289353252,16.722190239894907,Privado,1473.6894951256324
1814,3694,493644.5727374391,2138074.161143508,209.0,-99.06050686556893,19.33660786866466,265.31081917017474,615.0030762397271,3.5374775889356633,0.7959324575105242,8.200041016529694,Publico,0.0
1833,3848,488910.400628265,2137696.0957183903,132.0,-99.10557632561598,19.33317062972915,3335.460299507905,1885.524020967548,44.47280399343873,10.006380898523716,25.14032027956731,Privado,1449.9362785403569
1848,3531,488699.9837329036,2137469.4795430363,106.0,-99.107578214226,19.331121450500177,3622.579843018298,2143.4233866059076,48.30106457357731,10.867739529054894,28.578978488078768,Privado,1479.1564564123905
1852,5424,489011.5085492373,2137226.140030127,219.0,-99.10461104484862,19.32892403277432,3319.0542186888606,2510.435192508048,44.254056249184806,9.957162656066583,33.47246923344064,Privado,808.6190261808124
1867,11278,489572.2869401693,2136953.221369081,593.0,-99.09927091983008,19.32646055582408,2509.2889218972573,3074.8740759409006,33.457185625296766,7.527866765691773,40.99832101254534,Publico,0.0
1890,5546,491896.5672365921,2136815.7856269064,397.0,-99.07714340796596,19.325229202172427,1058.8980146075135,314.21054737744385,14.118640194766845,3.1766940438225406,4.189473965032585,Privado,744.6874672300696
1918,4953,493150.3562736608,2137146.600958591,247.0,-99.06520872562773,19.3282235571454,1135.9577654879981,1390.9315112694674,15.146103539839975,3.4078732964639946,18.545753483592897,Publico,0.0
1941,4248,489900.6772808317,2136097.7478204938,135.0,-99.09614015403108,19.318731011752558,1893.8566760571682,2279.281174138774,25.25142234742891,5.681570028171505,30.390415655183656,Publico,0.0
1960,3765,491803.9376339268,2136304.7779791583,316.0,-99.07802303462464,19.320610666938144,599.0071462151093,932.4287542685627,7.986761949534791,1.797021438645328,12.432383390247502,Publico,0.0
1975,3499,492189.5432619068,2136446.122693824,75.0,-99.07435281280976,19.321889583506003,765.7869287940827,685.3113141805392,10.210492383921101,2.297360786382248,9.137484189073856,Privado,80.47561461354348
198A,6035,492394.274491757,2136028.5295089465,357.0,-99.07240218239096,19.318116425875424,652.470240377556,592.2020937332582,8.69960320503408,1.9574107211326681,7.896027916443442,Privado,60.26814664429787
1994,13946,492755.3139725351,2136329.5522453478,181.0,-99.06896643484488,19.32083820991781,43.953789592550045,1032.3377974963169,0.5860505279006673,0.13186136877765015,13.764503966617559,Publico,0.0
2047,9950,492939.1338751833,2135741.7875153315,373.0,-99.06721437436622,19.315527017588444,831.0994388724623,624.0491281050266,11.081325851632831,2.493298316617387,8.320655041400356,Privado,207.0503107674357
2051,11206,494332.7517016092,2135710.3298866847,324.0,-99.05394804520576,19.315247128116788,1462.6268529128845,2406.0992254576677,19.501691372171795,4.387880558738654,32.08132300610224,Publico,0.0
2070,4041,491500.592450528,2134756.290913968,329.0,-99.08090386565308,19.30661516050384,1898.1288244058208,488.43469225785054,25.308384325410945,5.694386473217462,6.512462563438008,Privado,1409.6941321479703
2085,5799,491614.5254427836,2134969.951680333,233.0,-99.0798203018351,19.30854657041576,1646.105484394245,552.5994821852211,21.9480731252566,4.938316453182735,7.367993095802947,Privado,1093.5060022090238
209A,3734,492403.3344622721,2135143.149906347,443.0,-99.0723124184253,19.31011495705726,999.8927622730407,581.1149486600882,13.331903496973876,2.9996782868191225,7.748199315467843,Privado,418.7778136129525
2102,3577,492734.08259405295,2135163.008940054,412.0,-99.06916411464776,19.310295650920622,672.2685510856481,633.2197715386068,8.963580681141975,2.0168056532569447,8.442930287181424,Privado,39.04877954704136
2117,3108,492662.92752817663,2134823.712725354,206.0,-99.06984013608545,19.30722904558614,546.7324006392516,1012.6442759294596,7.289765341856689,1.640197201917755,13.50192367905946,Publico,0.0
2121,146,493340.5402974941,2134819.3485054704,111.0,-99.0633900625607,19.30719195855902,341.09271932930363,1488.9961598864113,4.547902924390715,1.0232781579879109,19.85328213181882,Publico,0.0
2140,7841,492109.5719623736,2134522.1845890377,313.0,-99.07510617071728,19.304501930503115,1306.6901583913577,1335.0772970774728,17.422535445218102,3.9200704751740734,17.80103062769964,Publico,0.0
2155,3769,492498.4208971013,2134277.208143548,301.0,-99.07140389792048,19.302289470442403,1000.3042865963994,1696.8070786122137,13.337390487951991,3.0009128597891985,22.62409438149618,Publico,0.0
216A,3673,492820.64196297794,2134289.5376247726,183.0,-99.06833687959563,19.30240207051393,721.6003951228163,1735.9869483908237,9.62133860163755,2.164801185368449,23.146492645210984,Publico,0.0
2174,2349,493080.8467988516,2134546.7028735187,153.0,-99.06586104545578,19.30472708132281,302.85976061305473,1552.4474438259494,4.038130141507397,0.9085792818391643,20.699299251012658,Publico,0.0
2189,2349,493086.0747414132,2134130.325822551,81.0,-99.06580977767676,19.300964140657367,844.1736158760737,2042.3555552579094,11.255648211680983,2.5325208476282213,27.23140740343879,Publico,0.0
2193,2575,492937.32476472826,2133660.0227590348,67.0,-99.06722390873858,19.296713314456053,1467.508060051713,2566.9265371155548,19.56677413402284,4.402524180155139,34.22568716154073,Publico,0.0
2206,1638,493187.4938478769,2133708.0948691354,31.0,-99.06484292330316,19.29714862185145,1399.8892349229807,2601.4952383123887,18.665189798973074,4.199667704768943,34.68660317749852,Publico,0.0
2371,1682,496532.5539268808,2143733.0241429466,112.0,-99.03302213073655,19.38775592293403,1634.0039259693542,1956.8326033930934,21.786719012924724,4.902011777908063,26.091101378574578,Publico,0.0
2386,3610,496563.0712886836,2143562.1654604287,189.0,-99.03273119092565,19.386211873698247,1663.6950495282504,2108.9959461428703,22.18260066037667,4.991085148584752,28.119945948571605,Publico,0.0
2390,3965,491631.2668037143,2143396.050274238,713.0,-99.07969790321933,19.384696126024284,3896.2785613290403,4883.95650643459,51.950380817720536,11.688835683987122,65.11942008579453,Publico,0.0
2403,293,491560.029069656,2142885.9300814867,629.0,-99.08037405894618,19.38008571800447,3332.8883755745414,4861.136201410873,44.438511674327216,9.998665126723624,64.81514935214497,Publico,0.0
2437,5076,496086.5074270135,2142251.8406759496,208.0,-99.03726699740342,19.374369189509785,2030.192629522017,3108.1292001007105,27.069235060293558,6.090577888566051,41.441722668009476,Publico,0.0
2441,4457,496483.0882295019,2142281.98235516,168.0,-99.03349053541685,19.374642323538747,2308.408025229162,3294.234735189523,30.77877366972216,6.9252240756874865,43.92312980252697,Publico,0.0
2456,4606,489623.8380690321,2142659.445109563,187.0,-99.0988112026295,19.37802982606176,3331.3185176772345,2357.676727152868,44.41758023569646,9.993955553031704,31.435689695371572,Privado,973.6417905243666
2460,4473,489406.8242001436,2142204.0286083845,222.0,-99.10087526948178,19.37391295570649,2678.843295662956,2228.75055630389,35.71791060883941,8.036529886988868,29.716674084051864,Privado,450.09273935906594
2475,68,490267.5423811009,2142151.807057505,7326.0,-99.09267867966255,19.373445372058303,2786.008373124332,3309.517675751123,37.14677830832443,8.358025119372996,44.126902343348306,Publico,0.0
2494,1941,499928.9181466149,2141227.2087870045,88.0,-99.00067685265635,19.36511307553376,789.7354717504733,2364.077492053078,10.52980629000631,2.36920641525142,31.521033227374375,Publico,0.0
2507,2181,499831.6167543818,2141079.783218361,95.0,-99.00160335888498,19.363780736609776,810.3998240127665,2189.559810771827,10.805330986836887,2.4311994720383,29.194130810291025,Publico,0.0
2511,996,486885.73266592046,2141338.702382127,11.0,-99.12487678585548,19.366077852411863,2786.248990680263,563.5636431558421,37.149986542403504,8.35874697204079,7.514181908744561,Privado,2222.6853475244206
2526,1056,487084.65403765946,2141478.614169934,26.0,-99.1229835666837,19.367343567207087,2670.5109448911094,324.39635572096785,35.606812598548125,8.011532834673329,4.325284742946238,Privado,2346.1145891701417
2530,10096,498090.7511400307,2140224.024590668,441.0,-99.01817916466634,19.356046061731035,412.5372467817627,1084.8587622034497,5.500496623756836,1.2376117403452882,14.464783496045996,Publico,0.0
2545,6946,497810.86116119294,2139894.347537728,289.0,-99.02084379540442,19.35306637375499,935.0751283110659,770.809729066804,12.467668377480878,2.805225384933198,10.277463054224054,Privado,164.26539924426186
255A,4901,491340.1308508541,2139669.560654545,215.0,-99.08245353752558,19.35101743131133,734.4102060196565,2025.5455802307367,9.792136080262086,2.2032306180589694,27.00727440307649,Publico,0.0
2564,6800,499555.1429244916,2139969.371715473,371.0,-99.00423570594592,19.35374553592785,860.866966976892,1005.4879731609196,11.47822622635856,2.582600900930676,13.406506308812261,Publico,0.0
2579,4417,499063.1405172849,2139923.877947981,207.0,-99.00892028371332,19.353334224198942,471.01119874082065,1124.9262074158185,6.280149316544275,1.413033596222462,14.99901609887758,Publico,0.0
2600,4667,498496.723776155,2139648.029337436,326.0,-99.0143131887694,19.350840942764723,863.245727766333,338.983148649234,11.509943036884438,2.589737183298999,4.51977531532312,Privado,524.262579117099
2615,7690,499838.47633610014,2139743.396806398,273.0,-99.001537928175,19.351703366833068,969.4025376932727,541.0454578183703,12.925367169243636,2.9082076130798185,7.213939437578271,Privado,428.3570798749024
262A,5432,500300.73159452016,2139631.9906654493,241.0,-98.99713663779184,19.350696535595727,1171.2768420227692,386.62343518328464,15.617024560303589,3.5138305260683076,5.154979135777128,Privado,784.6534068394845
2634,4200,500468.4134667561,2139790.676447297,218.0,-98.9955400458018,19.35213060090714,1090.882299570073,686.50801596717,14.545097327600972,3.272646898710219,9.1534402128956,Privado,404.374283602903
2649,4309,500828.0333535967,2139875.178236675,212.0,-98.99211592264122,19.352894156218884,1347.4117467241788,1123.2215569599784,17.965489956322383,4.042235240172537,14.976287426133046,Privado,224.19018976420034
2653,3427,500993.81284790783,2139384.424719427,341.0,-98.99053771735,19.348458974243908,1933.2793664285532,1168.0257514532173,25.777058219047376,5.79983809928566,15.573676686042896,Privado,765.253614975336
2668,3460,501231.21638047,2139362.300406652,101.0,-98.9882773671144,19.348258897824937,1857.7891120640008,1477.584687205384,24.770521494186678,5.573367336192002,19.701129162738454,Privado,380.2044248586169
2672,1034,490245.40237378754,2138292.002363382,22.0,-99.0928697649404,19.33856295985175,2652.81114371949,2375.0469712727668,35.3708152495932,7.95843343115847,31.66729295030356,Privado,277.764172446723
2687,4656,491270.9556438946,2139237.6691650804,102.0,-99.08311020119912,19.34711398479096,1060.0330609940945,1923.004429995779,14.133774146587927,3.180099182982284,25.640059066610387,Publico,0.0
2691,7217,498134.1121734909,2139044.479016405,330.0,-99.01776514301108,19.345386147461685,1328.8957957490127,411.6421659854523,17.718610609986836,3.9866873872470383,5.488562213139364,Privado,917.2536297635604
2704,5016,500103.89342646,2139247.364229182,231.0,-98.99901081822836,19.347220554498477,1603.6756394002596,219.95340009817969,21.382341858670127,4.8110269182007785,2.9327120013090626,Privado,1383.72223930208
2719,4678,500727.8336139094,2139301.538518532,209.0,-98.99307018823474,19.34771001709772,1807.0204536587107,834.9673678228819,24.09360604878281,5.4210613609761324,11.132898237638425,Privado,972.0530858358288
2723,3252,501627.39135699504,2139122.881193729,73.0,-98.9845055181342,19.34609490226291,1275.2660454882925,2027.1676753742745,17.003547273177233,3.825798136464878,27.02890233832366,Publico,0.0
2738,6698,499082.2101332868,2138984.069152481,493.0,-99.00873826068606,19.344840859065787,1627.4348486950053,1113.5857612393736,21.699131315933403,4.882304546085016,14.847810149858315,Privado,513.8490874556317
2757,5483,498008.73341797217,2138608.5316048567,322.0,-99.0189584208659,19.341446218837465,1228.4003388723863,946.0077931777545,16.37867118496515,3.6852010166171594,12.61343724237006,Privado,282.39254569463185
2776,7954,497431.8849893985,2138530.887638887,434.0,-99.02445036588428,19.340743869111417,655.4629325595334,1289.5440184977724,8.739505767460447,1.9663887976786005,17.193920246636967,Publico,0.0
2780,6872,498816.5512716537,2138820.3497869247,378.0,-99.01126749232196,19.343361131449225,1811.2123996562725,998.084338970464,24.149498662083634,5.4336371989688175,13.307791186272853,Privado,813.1280606858085
2795,4830,500033.70988229,2139007.259655898,301.0,-98.9996790484106,19.3450506489176,1909.2105878848404,537.9534507378947,25.45614117179787,5.7276317636545215,7.172712676505263,Privado,1371.2571371469458
2808,4320,493106.6025902717,2138655.38853285,195.0,-99.0656307087548,19.34185884989393,1126.6879583573375,219.18218638314036,15.022506111431166,3.380063875072013,2.922429151775205,Privado,907.5057719741972
2812,3581,492750.08186610346,2138517.468564062,168.0,-99.069024548183,19.34061116573686,1468.1594477156812,291.6611750525837,19.57545930287575,4.404478343147043,3.8888156673677825,Privado,1176.4982726630974
2831,4795,491703.7056286376,2137865.2325298456,274.0,-99.0789839776633,19.33471263830961,2200.8599811594495,1274.3584656936096,29.34479974879266,6.602579943478349,16.991446209248128,Privado,926.5015154658399
2846,4936,492687.76027979545,2138204.9333269345,167.0,-99.06961669787042,19.33778645108905,1478.7041199285604,585.4196086436066,19.716054932380807,4.436112359785682,7.805594781914754,Privado,893.2845112849539
2850,3639,493191.3742958636,2138093.6084611043,271.0,-99.06482161015506,19.336782137631637,829.2993209531884,664.2734356103539,11.057324279375845,2.487897962859565,8.856979141471385,Privado,165.0258853428345
287A,2859,493885.9161026894,2138002.4495398365,287.0,-99.05820892652427,19.33596053395861,232.0464064517015,335.35280562813136,3.0939520860226866,0.6961392193551046,4.4713707417084185,Publico,0.0
2884,3464,494244.25194646674,2138114.5319763706,139.0,-99.05479774150211,19.336974519694238,550.1939643806388,529.757022968959,7.335919525075184,1.6505818931419165,7.063426972919452,Privado,20.436941411679868
2899,6559,496487.7524413329,2138304.315290962,300.0,-99.03343879238186,19.33869482787835,1151.6310488401439,1556.250280535791,15.355080651201918,3.454893146520432,20.750003740477215,Publico,0.0
2901,7668,496867.5102893442,2138065.4083740874,275.0,-99.02982286862076,19.33653636923788,1165.572677577695,1755.2868919905995,15.540969034369267,3.496718032733085,23.403825226541326,Publico,0.0
2920,5442,500319.74951151,2138813.468907183,282.0,-98.99695569927184,19.343299269446184,2203.967538146468,836.0513812671542,29.386233841952908,6.611902614439405,11.147351750228722,Privado,1367.9161568793138
2935,5663,500627.7987643788,2138992.527607791,253.0,-98.99402273654644,19.344917412541808,2101.741078096046,884.1522397309835,28.023214374613943,6.305223234288138,11.788696529746447,Privado,1217.5888383650622
294A,3012,501057.42010442656,2138762.850917869,338.0,-98.98993244495207,19.342841564378496,1656.1792649494773,1511.363450565,22.082390199326365,4.968537794848432,20.1515126742,Privado,144.81581438447733
2954,1974,501417.23742240114,2138759.8112802263,74.0,-98.98650667482674,19.34281387266227,1215.7540347960457,1918.1072857405125,16.21005379728061,3.6472621043881372,25.5747638098735,Publico,0.0
2969,2472,501764.0738061259,2138781.768707634,44.0,-98.98320447248194,19.3430120351641,839.8545503821805,2320.24482029317,11.198060671762407,2.519563651146542,30.936597603908933,Publico,0.0
2973,3752,500962.33902384486,2138548.3681336567,135.0,-98.99083780731762,19.34090325623532,1718.5208669736703,1594.3666031972134,22.91361155964894,5.155562600921011,21.258221375962844,Privado,124.1542637764569
2988,7510,489759.1867830502,2137597.8319773083,282.0,-99.09749510787934,19.33228708667204,2748.521348462362,2471.5535539195535,36.64695131283149,8.245564045387086,32.954047385594045,Privado,276.9677945428084
3026,2493,493929.8340441205,2137312.611790978,138.0,-99.05778861449122,19.32972635902464,1123.1071556600834,615.329443403706,14.97476207546778,3.3693214669802507,8.20439257871608,Privado,507.7777122563774
3030,5682,494908.5169219051,2137554.0039243903,219.0,-99.0484720974597,19.33191062078915,1620.7165681331364,1199.1332031028367,21.609554241775154,4.8621497043994095,15.988442708037821,Privado,421.5833650302998
3045,6787,495353.2281369199,2137690.62877858,322.0,-99.0442386772042,19.33314642467688,2082.571155887734,1744.9609286217533,27.767615411836456,6.247713467663203,23.26614571495671,Privado,337.61022726598094
305A,6494,495876.9381861134,2137863.513141549,358.0,-99.0392531729744,19.334709983757065,2124.685990512068,2424.5710589290134,28.32914654016091,6.374057971536205,32.327614119053514,Publico,0.0
3064,7629,495843.63949894,2137377.946155625,308.0,-99.039569132646,19.33032167311124,2607.353263378313,2435.066202586147,34.764710178377506,7.822059790134939,32.467549367815295,Privado,172.2870607921659
3079,6741,495527.2844455804,2137163.385264061,488.0,-99.04258037388986,19.328381930726664,2571.3502531955355,2123.7557832943867,34.28467004260714,7.714050759586607,28.316743777258488,Privado,447.59446990114884
3083,5621,498216.9987434719,2138025.1521024616,356.0,-99.01697502663124,19.336174208197164,1846.6342614629393,1725.300763274078,24.621790152839193,5.5399027843888184,23.004010176987705,Privado,121.33349818886131
3100,5076,499148.6680937846,2138302.947745832,282.0,-99.00810521181616,19.33868535594595,2514.598113732577,1795.9414221735765,33.527974849767695,7.5437943411977315,23.94588562898102,Privado,718.6566915590006
3115,5980,500153.15801498113,2138473.363069006,260.0,-98.99854182629652,19.34022563360353,2611.53864867354,1228.1670378493993,34.8205153156472,7.834615946020621,16.375560504658658,Privado,1383.3716108241408
3134,1927,501090.4476406962,2138141.07947634,95.0,-98.98961834943871,19.33722237973353,1571.281617722095,2102.422873548066,20.950421569627935,4.713844853166285,28.03230498064088,Publico,0.0
3149,3862,501339.7740867548,2138441.853637248,153.0,-98.98724441592658,19.339940431277743,1216.9564355254809,2054.208280179142,16.226085807006413,3.6508693065764426,27.389443735721894,Publico,0.0
3153,3560,501770.6147693599,2138489.457543524,170.0,-98.98314246798304,19.340370311260067,668.4898537750357,2488.3501051480707,8.91319805033381,2.0054695613251075,33.17800140197428,Publico,0.0
3204,6595,496066.8857406105,2137238.987970493,250.0,-99.03744351141964,19.329066306820724,2584.589336215128,2759.5713582320127,34.46119114953504,7.753768008645384,36.794284776426835,Publico,0.0
3219,7613,496370.3230229933,2137210.922200756,395.0,-99.03455471522048,19.32881323662582,2432.7461457824866,2957.0986027902745,32.43661527709982,7.29823843734746,39.42798137053699,Publico,0.0
3223,7231,496721.4937781823,2137649.9775819066,299.0,-99.0312123053327,19.33278174074522,1737.462119735555,2310.0973646726975,23.166161596474065,5.212386359206666,30.801298195635965,Publico,0.0
3238,6000,497738.8102795581,2137914.137467184,201.0,-99.02152747832685,19.335170448718856,1542.8325485450516,1882.2814195304024,20.571100647267354,4.628497645635155,25.0970855937387,Publico,0.0
3242,8092,499536.1080966588,2138325.191015464,274.0,-99.00441654626218,19.338886502922325,2613.7221342502335,1594.3102401588567,34.84962845666978,7.841166402750701,21.257469868784757,Privado,1019.4118940913768
3257,4049,498369.0263861534,2137603.023084478,119.0,-99.01552729005525,19.332359406630207,2366.4389481234903,2300.7264654480728,31.552519308313205,7.099316844370471,30.67635287264097,Privado,65.7124826754175
3276,6422,497901.69958401815,2137483.648562184,262.0,-99.01997623056658,19.331280143017832,2133.5809741170087,2412.5412557761397,28.447746321560118,6.400742922351027,32.16721674368186,Publico,0.0
3295,5190,495241.3125231872,2137114.571886787,313.0,-99.04530271215334,19.32794013061283,2296.622905602489,1814.1560822843815,30.62163874136652,6.8898687168074675,24.188747763791753,Privado,482.4668233181076
3327,7178,494076.36886704696,2136556.082598632,220.0,-99.0563912422321,19.322889768589008,1714.7981179732737,1591.1310424650608,22.863974906310318,5.144394353919822,21.21508056620081,Privado,123.66707550821297
3346,6680,499717.45218385727,2137900.282950173,326.0,-99.00268997220986,19.33504649173556,3213.631129273558,2031.3900876781272,42.84841505698078,9.640893387820675,27.085201169041696,Privado,1182.241041595431
3365,2467,501634.5109523973,2138295.7345179734,73.0,-98.98443844052171,19.338619683384334,839.6982964819371,2474.494345545831,11.195977286425828,2.519094889445811,32.99325794061108,Publico,0.0
337A,7522,493358.99746440974,2136285.8235059534,368.0,-99.0632194667478,19.32044509954433,768.8368119384535,1457.1390259664593,10.251157492512712,2.3065104358153605,19.428520346219457,Publico,0.0
3401,7248,496132.50559401687,2136768.363164321,294.0,-99.03681785326472,19.324813226991864,3084.1637831569424,3051.2754403381655,41.122183775425896,9.252491349470828,40.683672537842206,Privado,32.88834281877689
3420,4302,501733.7562474752,2137701.393613448,55.0,-98.98349410343884,19.33324833038864,1133.2018532811844,3082.8696623100614,15.109358043749125,3.3996055598435535,41.104928830800816,Publico,0.0
3488,4965,491258.9388350168,2134731.9905086025,226.0,-99.0832039968684,19.30639451456249,1923.9384951599418,224.76558521538948,25.652513268799225,5.771815485479825,2.9968744695385263,Privado,1699.1729099445524
3492,5625,491157.9038546413,2134365.216698369,201.0,-99.08416402765148,19.303079400557337,2410.249182838225,638.3274470790642,32.13665577117633,7.2307475485146755,8.511032627720857,Privado,1771.9217357591606
3505,5709,491795.5550847532,2134191.9435685943,157.0,-99.07809376707132,19.301516162716226,1837.6740982327988,1214.472074842175,24.50232130977065,5.513022294698397,16.192960997895668,Privado,623.2020233906237
351A,5705,492113.1783305875,2133824.0627143304,302.0,-99.07506896518628,19.29819275053809,1768.2929525258332,1845.3403043347287,23.57723936701111,5.3048788575775,24.604537391129714,Publico,0.0
3539,4545,491996.8926273309,2133478.7474132623,142.0,-99.07617436013923,19.295071544307067,2201.6028700798706,2109.6790974087867,29.354704934398274,6.604808610239612,28.129054632117157,Privado,91.92377267108395
3558,1463,495334.6822310454,2143850.1631915257,75.0,-99.04443031502387,19.38881211483912,342.9470786985642,834.4770706168971,4.572627715980857,1.0288412360956927,11.126360941558628,Publico,0.0
3562,1809,495674.5748808548,2143645.1519743223,59.0,-99.04119287029644,19.38696012856506,513.0087832946676,1234.6452050626285,6.8401171105955685,1.539026349884003,16.461936067501714,Publico,0.0
3577,2169,495848.0137774505,2143493.4299364984,128.0,-99.03954080693472,19.385589337028527,744.6474570976551,1518.5145627621694,9.928632761302067,2.2339423712929656,20.246860836828926,Publico,0.0
3581,3942,495258.65553799353,2143442.3778415704,54.0,-99.04515334176358,19.38512665709135,196.35935321557434,1353.4828674390242,2.618124709540991,0.5890780596467231,18.046438232520323,Publico,0.0
3596,4594,495415.5206747877,2143188.5780773554,72.0,-99.0436588538866,19.38283335581464,550.949364281702,1700.4801592783642,7.345991523756026,1.652848092845106,22.67306879037819,Publico,0.0
3613,1441,495772.0048812358,2144018.151925587,89.0,-99.04026583171816,19.39033124919956,843.1655041754035,930.7981606285495,11.242206722338713,2.5294965125262108,12.410642141713993,Publico,0.0
3628,1158,495958.8794048379,2144074.5563579355,5.0,-99.038486229302,19.39084137827443,1079.4269783074733,1089.0816651228781,14.39235971076631,3.23828093492242,14.521088868305041,Publico,0.0
3632,6682,487968.61922422,2142694.736772231,120.0,-99.11457389533682,19.37833952492622,3323.5287532835473,283.47099809710215,44.313716710447295,9.970586259850643,3.779613307961362,Privado,3040.0577551864453
3647,2443,487915.3430477768,2142163.5377312223,81.0,-99.11507786867166,19.37353860093068,2699.3852275581958,907.3378442875447,35.991803034109275,8.098155682674587,12.09783792383393,Privado,1792.0473832706512
3651,2692,491569.94764003466,2141226.6145115835,158.0,-99.0802722606819,19.3650900099319,1533.2857292385836,3317.546734595606,20.443809723181115,4.5998571877157515,44.233956461274744,Publico,0.0
3666,1770,491950.067985717,2141027.3929438866,21.0,-99.07665185701212,19.363291140881344,1173.1980524571197,2881.672289782954,15.642640699428263,3.519594157371359,38.422297197106055,Publico,0.0
3670,4143,492396.72028949,2140704.7329506627,80.0,-99.07239752686468,19.360376899206333,478.0611547263458,2320.729221078758,6.374148729684611,1.4341834641790376,30.943056281050108,Publico,0.0
369A,2858,500027.1716255474,2141762.044224136,84.0,-98.99974125985486,19.36994655789242,193.3094445114866,3050.6848598917686,2.5774592601531547,0.5799283335344598,40.67579813189025,Publico,0.0
3702,2668,500068.84478548495,2141465.0522527564,71.0,-98.99934444046534,19.36726254445716,535.5197525122855,2663.518884046059,7.140263366830474,1.6065592575368568,35.513585120614124,Publico,0.0
3717,2261,500234.9086195301,2141428.212257072,88.0,-98.99776313817364,19.36692959689164,585.6996856754386,2621.6304058151363,7.80932914233918,1.7570990570263159,34.95507207753515,Publico,0.0
3721,4549,493426.8000556293,2140849.9081369955,94.0,-99.06258973491413,19.36169252992723,925.6939310213422,2635.1459649803655,12.34258574695123,2.777081793064027,35.13527953307154,Publico,0.0
3740,4482,489561.09098426095,2140024.92507716,259.0,-99.09939430440537,19.35422052108371,1114.6663968461771,1705.6235936561716,14.862218624615695,3.3439991905385313,22.741647915415623,Publico,0.0
3755,3456,489956.7011580152,2139609.8633714397,45.0,-99.0956253116106,19.350471489365678,1607.01239001489,1858.7705885436828,21.4268318668652,4.82103717004467,24.783607847249105,Publico,0.0
376A,1613,490532.7085617388,2140376.6077988828,116.0,-99.09014478108836,19.35740360528411,743.6090717220817,2983.5320755714215,9.91478762296109,2.2308272151662454,39.78042767428562,Publico,0.0
3774,3474,490754.3976492136,2140040.2132083992,133.0,-99.08803229318548,19.354364530573317,430.9684726814196,2924.464512251885,5.746246302418928,1.292905418044259,38.992860163358465,Publico,0.0
3789,3719,489376.2832537298,2139574.7491939277,59.0,-99.101151445713,19.350151166468056,1215.8409837178474,1155.5877512798966,16.211213116237964,3.6475229511535425,15.407836683731954,Privado,60.25323243795083
3793,4417,489593.4612377114,2139638.0241526943,198.0,-99.09908397954771,19.350724139367983,1374.616990470148,1441.8377962275792,18.328226539601975,4.1238509714104445,19.224503949701056,Publico,0.0
3806,2080,488956.445060575,2138778.822154624,135.0,-99.10514423321496,19.34295584802252,1941.537949028876,624.0279833299066,25.88717265371835,5.824613847086629,8.320373111065422,Privado,1317.5099656989694
3810,5245,488916.9474223288,2138627.981844913,81.0,-99.10551940854972,19.341592436421305,2129.3639950067904,746.2154125183301,28.391519933423872,6.388091985020372,9.949538833577735,Privado,1383.1485824884603
3825,3400,489333.7113046476,2138477.287883536,130.0,-99.10155064997808,19.34023281857118,2439.484397406312,1250.1641091736024,32.52645863208416,7.318453192218937,16.668854788981363,Privado,1189.3202882327096
383A,3575,493012.4270908416,2139008.637466545,187.0,-99.0665286286078,19.345050956229,1517.6565734989904,385.5407796143071,20.23542097998654,4.5529697204969715,5.140543728190761,Privado,1132.1157938846832
3844,1550,493301.70548870007,2138859.1440751352,23.0,-99.06377388769788,19.343700918125958,1124.5347182042292,583.9884599859741,14.993796242723056,3.373604154612688,7.786512799812988,Privado,540.546258218255
3859,2090,494901.4712826512,2138011.4829437626,115.0,-99.0485403951456,19.33604500291654,1414.9224838434727,1193.04940261334,18.86563311791297,4.244767451530419,15.907325368177865,Privado,221.8730812301328
3863,4153,495146.46585717023,2138421.9722145437,326.0,-99.04620897566048,19.339755344572925,1749.2205275341032,1693.5066962715919,23.322940367121376,5.24766158260231,22.580089283621223,Privado,55.71383126251135
3897,3937,492324.23703235865,2135720.464452468,265.0,-99.07306766167191,19.31533206301486,1013.8215391819962,276.81227492396584,13.517620522426615,3.0414646175459885,3.6908303323195444,Privado,737.0092642580303
390A,4006,491970.8678183655,2135647.1020886293,254.0,-99.07643116839051,19.314667682223096,1085.4183375514592,638.8612744169034,14.472244500686124,3.256255012654378,8.518150325558711,Privado,446.55706313455585
3914,5355,491754.3498968562,2135281.4690955887,81.0,-99.0784906742638,19.311362446667143,1313.6323306359645,298.9381343830158,17.51509774181286,3.940896991907894,3.985841791773544,Privado,1014.6941962529488
3967,3638,490509.4483770829,2139731.713748928,63.0,-99.0903630480465,19.351575377816527,911.0789349979232,2589.7482269947286,12.147719133305642,2.7332368049937696,34.52997635992971,Publico,0.0
3971,4809,491072.4829522978,2139680.334015657,67.0,-99.0850019518908,19.35111362250256,625.9674573550483,2345.266233926571,8.346232764733976,1.8779023720651449,31.270216452354283,Publico,0.0
3986,2232,491435.3023925085,2138312.191233886,10.0,-99.08154128511094,19.3387508335838,1971.5894005150224,1866.396793446486,26.28785867353363,5.914768201545067,24.88529057928648,Privado,105.19260706853629
3990,3618,491290.9793864988,2138243.8322640075,102.0,-99.08291501756996,19.33813243021046,2119.1546473479143,1960.6579818525538,28.25539529797219,6.3574639420437435,26.142106424700717,Privado,158.4966654953605
401A,2883,489273.22292211937,2137980.737293107,48.0,-99.1021237514108,19.33574500070647,3039.1878415472715,1706.13682354607,40.52250455396362,9.117563524641815,22.748490980614267,Privado,1333.0510180012016
4024,8391,489700.14281634137,2138235.546092124,187.0,-99.09806066093547,19.338050026446176,2910.5185854139622,1816.8287026898224,38.806914472186165,8.731555756241887,24.224382702530967,Privado,1093.6898827241398
4039,5385,494323.3633695442,2137842.258721292,146.0,-99.05404374993007,19.33451411537881,775.8344052694168,410.86559176064395,10.344458736925558,2.3275032158082505,5.47820789014192,Privado,364.9688135087729
4043,4417,494696.5083245975,2137969.2514791656,226.0,-99.05049162118964,19.33566281225749,1163.0540997986602,921.5054619955359,15.507387997315469,3.4891622993959808,12.286739493273812,Privado,241.54863780312428
4058,3227,493749.5289368032,2137424.3231164585,212.0,-99.05950550289388,19.330735381997147,974.445394157904,574.4243740439879,12.99260525543872,2.9233361824737125,7.658991653919839,Privado,400.02102011391617
4062,2990,493397.0862222984,2136908.795144647,96.0,-99.06285903133904,19.32607524548355,1082.1911569634153,1385.9687155222819,14.429215426178871,3.246573470890246,18.479582873630424,Publico,0.0
4077,4751,498465.1713117357,2138237.988097736,96.0,-99.01461247600238,19.338097887159364,1965.6579104669502,1544.96235929217,26.208772139559336,5.896973731400851,20.5994981238956,Privado,420.6955511747801
4081,5245,498803.5686868509,2138311.9221978863,108.0,-99.01139077943569,19.338766285520677,2331.2273280510462,1569.3685484359723,31.083031040680616,6.993681984153139,20.924913979146297,Privado,761.8587796150739
4096,6341,496788.4568818229,2137125.8149006628,228.0,-99.03057391629928,19.32804480203943,2379.4089527041715,2980.6988936137705,31.725452702722286,7.138226858112515,39.74265191485027,Publico,0.0
4109,7678,496792.8546662321,2136754.205901977,195.0,-99.03053142546992,19.32468644334732,2855.0459390661263,3462.599176033057,38.06727918754835,8.56513781719838,46.1679890137741,Publico,0.0
4113,2033,492358.2059776847,2137848.2544481023,72.0,-99.07275281347216,19.334561794618164,1951.8095920263593,1202.7623605616402,26.024127893684792,5.855428776079078,16.036831474155203,Privado,749.0472314647191
4128,1861,492768.9862119765,2137950.955145245,6.0,-99.06884241902743,19.33549145549724,1401.6794053501949,827.8591982321072,18.689058738002597,4.205038216050585,11.038122643094763,Privado,573.8202071180876
4147,508,492139.9425910641,2137594.539396664,12.0,-99.07482971902918,19.33226804171467,1804.3633946066348,823.2556903069849,24.05817859475513,5.413090183819905,10.976742537426466,Privado,981.1077042996499
4151,1449,492489.9490551353,2137586.4483910105,54.0,-99.07149753980929,19.33219625759165,1637.4382198345893,963.9188054165691,21.832509597794523,4.912314659503768,12.852250738887587,Privado,673.5194144180202
4166,2650,492366.50147092826,2137360.968153472,56.0,-99.07267188931158,19.33015804843141,1405.37053020465,631.0660283175939,18.738273736062002,4.21611159061395,8.414213710901253,Privado,774.3045018870562
4170,4478,493828.3530595829,2136298.6530777877,168.0,-99.05875144808896,19.32056253883975,1375.339840963238,1938.7621448089003,18.337864546176505,4.126019522889714,25.850161930785337,Publico,0.0
4185,3902,493622.79827053,2135940.201069587,155.0,-99.06070704516236,19.31732243564632,1232.577837969444,1548.9008401401659,16.43437117292592,3.6977335139083323,20.652011201868877,Publico,0.0
419A,3319,494605.0874553031,2137072.487205505,22.0,-99.05135945521978,19.327558190912463,1750.8116133640342,1197.092468027631,23.34415484485379,5.252434840092103,15.961232907035079,Privado,553.7191453364032
4202,3513,494819.7068879432,2136841.9646098665,218.0,-99.0493156581214,19.32547543885552,2157.391910958391,1606.1254721999453,28.76522547944521,6.472175732875173,21.41500629599927,Privado,551.2664387584455
4217,3246,494973.19586703874,2136674.047088296,88.0,-99.04785402330076,19.323958296429435,2451.9015478799715,1901.7603808431893,32.69202063839962,7.355704643639915,25.35680507790919,Privado,550.1411670367822
4236,8000,495496.2148642997,2136380.9255343666,250.0,-99.0428743124872,19.321310488000368,3106.9222761487244,2648.4606111842886,41.42563034864966,9.320766828446175,35.312808149123846,Privado,458.46166496443584
4240,5046,497263.0465619151,2137169.661030163,206.0,-99.02605588193536,19.32844175693032,2291.033317886087,2947.991504373248,30.547110905147825,6.8730999536582615,39.306553391643305,Publico,0.0
426A,5157,502443.5668633742,2137351.921395854,412.0,-98.97673693402426,19.330089287433516,1361.3714418875838,4064.135698293493,18.151619225167785,4.0841143256627515,54.188475977246576,Publico,0.0
4274,6175,502422.84403780894,2137010.383139303,141.0,-98.9769346511746,19.327002707573744,1797.8623628450466,4351.301040963463,23.97149817126729,5.39358708853514,58.01734721284617,Publico,0.0
4289,3047,502912.2941153325,2137118.784385288,98.0,-98.97227494707192,19.327981720110294,1843.6855957271584,4725.098310946704,24.582474609695446,5.531056787181476,63.00131081262273,Publico,0.0
4293,5256,503195.6966113795,2137231.441651503,244.0,-98.96957676583064,19.328999414418213,1919.7194187967762,4930.18111958667,25.59625891729035,5.759158256390329,65.7357482611556,Publico,0.0
4306,1814,491446.6483334912,2134125.995869283,83.0,-99.08141452843348,19.300918717447853,2288.5100519568405,1030.0058013038863,30.51346735942454,6.8655301558705215,13.733410684051817,Privado,1258.5042506529542
4310,2911,491782.3578721866,2133924.305063918,71.0,-99.0782182347919,19.29909735743033,2021.7350320918247,1472.2611593784607,26.956467094557663,6.065205096275474,19.63014879171281,Privado,549.473872713364
4325,1681,491548.95519248286,2133727.094679015,30.0,-99.0804389661281,19.29731412623025,2416.611145048022,1561.4702377559431,32.22148193397363,7.249833435144066,20.81960317007924,Privado,855.140907292079
433A,4019,492520.2843548863,2133589.5908045643,301.0,-99.07119310253186,19.296075289124563,1710.3251960778293,2436.685232318605,22.80433594770439,5.130975588233488,32.48913643091473,Publico,0.0
4344,2790,492527.9587326556,2133307.023923184,55.0,-99.07111895354744,19.293521650675945,2045.0713289702733,2705.1227499532165,27.267617719603642,6.13521398691082,36.068303332709554,Publico,0.0
4359,2616,492724.99738146446,2133168.335887829,93.0,-99.06924301193352,19.29226899327836,2145.3025628285372,3011.2024694881943,28.604034171047164,6.435907688485612,40.149366259842594,Publico,0.0
4363,6175,493336.72355179273,2133425.705316037,189.0,-99.0634215398525,19.29459705628587,1791.2321405722585,3013.7704455450466,23.883095207630113,5.373696421716776,40.18360594060062,Publico,0.0
4382,2196,492945.0647255697,2133047.739118362,304.0,-99.06714798161654,19.291179894955107,2258.4548693374377,3322.9279399624893,30.112731591165836,6.775364608012313,44.30570586616653,Publico,0.0
4397,1640,493142.2791597559,2132933.93102304,40.0,-99.06527051283628,19.290152046723883,2400.777219053933,3547.021150213443,32.01036292071911,7.2023316571618,47.293615336179236,Publico,0.0
440A,1408,492983.7647004978,2132769.562840885,27.0,-99.06677862093083,19.288666041111608,2616.208262668859,3620.9859426787602,34.882776835584785,7.848624788006577,48.27981256905014,Publico,0.0
4414,8028,491070.78956449166,2136456.489204488,268.0,-99.0850029964828,19.32197861722163,488.2559393822386,1477.4207465133481,6.5100791917631815,1.4647678181467159,19.698943286844642,Publico,0.0
4429,2049,490088.0710674609,2136370.7863565893,70.0,-99.09435768332575,19.321199490428537,1658.1244784416087,2290.278102214239,22.10832637922145,4.974373435324827,30.53704136285652,Publico,0.0
4433,3751,490591.56052059936,2136109.696719917,79.0,-99.08956337989082,19.31884234569188,998.5534085144308,1559.742252107626,13.314045446859076,2.9956602255432925,20.796563361435012,Publico,0.0
4448,2475,490986.93890668,2136059.5485282014,78.0,-99.08579935296926,19.318390947300347,514.2705806535804,1138.4345263695136,6.856941075381072,1.5428117419607412,15.179127018260182,Publico,0.0
4452,1960,490529.86393136816,2135843.4939880064,55.0,-99.09014937935258,19.316436285826097,1171.0807863544503,1453.278721971137,15.614410484726005,3.513242359063351,19.377049626281828,Publico,0.0
4467,2193,490781.29069696576,2135802.1170008066,24.0,-99.08775576679172,19.31606351382009,912.4374021547314,1135.7341422772388,12.165832028729753,2.7373122064641944,15.14312189702985,Publico,0.0
4471,2274,490747.8805600898,2135658.4651109804,13.0,-99.08807311273516,19.314765125984,1063.6819948609966,1101.70299390223,14.182426598146622,3.19104598458299,14.689373252029734,Publico,0.0
4503,4051,499203.3697580131,2141943.950856033,50.0,-99.00758593887952,19.371590348629237,1203.2111205779718,3448.9395609057474,16.042814941039623,3.6096333617339154,45.98586081207663,Publico,0.0
4522,749,494480.4239481712,2142441.532261052,5.0,-99.05256178669588,19.376079717161325,1823.3483941200284,2826.079057393561,24.311311921600378,5.470045182360085,37.681054098580816,Publico,0.0
4537,829,494473.9044571579,2142417.942035357,9.0,-99.05262380199532,19.37586650698693,1853.3729637584895,2857.7923858064964,24.71163951677986,5.560118891275469,38.10389847741995,Publico,0.0
4541,1011,494601.57758718927,2142217.9723100937,4.0,-99.0514074321916,19.374059665459647,1993.4364543191723,3054.9498795764052,26.579152724255632,5.9803093629575175,40.732665061018736,Publico,0.0
4556,1063,494761.30942508,2142172.2094349856,4.0,-99.04988623208214,19.373646515264635,1965.8682245445777,3064.6081374310984,26.211576327261035,5.897604673633734,40.86144183241465,Publico,0.0
4560,969,493842.7569703908,2142415.461167099,13.0,-99.05863407154678,19.37584224931955,2417.7336627975465,3234.9756790790702,32.23644883730062,7.253200988392639,43.1330090543876,Publico,0.0
4575,528,493864.0863452588,2142296.2097216523,47.0,-99.05843057247448,19.37476460214976,2498.063839986693,3350.1380412563904,33.30751786648924,7.494191519960079,44.66850721675187,Publico,0.0
4594,1164,494095.8309461261,2142190.223816819,18.0,-99.05622340636096,19.3738074695038,2343.356558536869,3323.9491018797785,31.24475411382492,7.0300696756106085,44.31932135839705,Publico,0.0
4611,751,494306.55239081074,2142112.079773092,5.0,-99.05421654436238,19.37310186606271,2220.1844824404693,3306.5998947758094,29.602459765872926,6.6605534473214085,44.087998597010795,Publico,0.0
4645,1184,494654.44898672577,2142112.3882765523,17.0,-99.05090365876548,19.37310561084301,2089.3983912295203,3170.612137168587,27.858645216393604,6.268195173688561,42.27482849558116,Publico,0.0
465A,2794,494772.4625409272,2141872.377644586,140.0,-99.04977920202562,19.370936869669418,1988.1808635625523,3445.0354924853577,26.50907818083403,5.964542590687658,45.93380656647144,Publico,0.0
4664,3439,495961.8282416826,2141875.4299284336,68.0,-99.03845348111663,19.370967199209645,2398.5966075894285,3442.1778716692966,31.98128810119238,7.195789822768286,45.895704955590624,Publico,0.0
4679,440,496251.3309542231,2141691.050712967,6.0,-99.03569632982568,19.36930146678251,2772.244956821096,3091.7811569693677,36.96326609094795,8.316734870463288,41.223748759591565,Publico,0.0
4683,2771,496378.9542853148,2141497.30160737,85.0,-99.03448068123758,19.36755072803833,3004.156964789807,2804.084794479807,40.05542619719743,9.012470894369422,37.38779725973076,Privado,200.07217030999982
4698,3320,493467.34915514855,2141879.5653327303,91.0,-99.06220715813797,19.37099800391051,1885.179551172658,3930.5612374917364,25.13572734896877,5.655538653517974,52.40748316655649,Publico,0.0
4715,32,495291.06959413126,2140941.1927323,29.0,-99.0448384687118,19.362522735104445,1416.5115918758795,2919.3186650833563,18.886821225011726,4.249534775627639,38.92424886777808,Publico,0.0
472A,5525,494610.7954990648,2140625.903271123,101.0,-99.051315150261,19.359671650798205,451.8892004845587,3283.3206888720556,6.0251893397941165,1.3556676014536762,43.77760918496074,Publico,0.0
4734,11587,494766.0781136928,2139843.84235814,313.0,-99.04983442755928,19.35260431721341,913.4467058697686,2857.5793308092752,12.179289411596915,2.740340117609306,38.10105774412367,Publico,0.0
4749,6128,494776.463982844,2136534.727370449,282.0,-99.0497264843472,19.3226987123354,2459.8438857630317,1896.5816576259945,32.79791847684042,7.379531657289095,25.28775543501326,Privado,563.2622281370373
4768,3740,494326.5177425869,2137447.944771077,144.0,-99.0540125475373,19.330950569234496,1143.2344465218305,591.4606133339645,15.243125953624407,3.4297033395654917,7.8861415111195265,Privado,551.773833187866
4772,4280,494701.5278175405,2137243.787943132,281.0,-99.05044182043304,19.32910655354199,1658.1647714079702,1132.4018736566336,22.108863618772936,4.974494314223911,15.098691648755114,Privado,525.7628977513366
4791,2135,491940.659815622,2140595.4122083536,20.0,-99.07673961557154,19.3593871540219,1057.5404574598804,2368.5525771377206,14.100539432798405,3.1726213723796413,31.58070102850294,Publico,0.0
4804,2676,491147.0680433432,2138426.966578009,28.0,-99.0842859867953,19.339786849381127,1985.7778053177412,2156.9140613969703,26.47703740423655,5.957333415953224,28.758854151959603,Publico,0.0
4838,1560,502327.8618921138,2138451.6393617126,105.0,-98.97783711910265,19.34002796716215,110.89247175950736,3160.9951958752886,1.4785662901267649,0.33267741527852207,42.14660261167052,Publico,0.0
4842,1895,502811.659817684,2137576.5788713526,36.0,-98.9732323119907,19.33211911702682,1262.3888016758901,4264.353872505192,16.83185068901187,3.7871664050276705,56.85805163340256,Publico,0.0
4857,5508,497273.8027826645,2136732.2959234067,177.0,-99.02595285820968,19.324489143843405,2859.0300779359404,3513.332465878909,38.120401039145875,8.577090233807821,46.84443287838545,Publico,0.0
4861,3584,496821.6275142666,2136502.0228760424,83.0,-99.03025709383502,19.32240741854009,3174.858459492291,3788.3277551266233,42.331446126563876,9.524575378476873,50.51103673502164,Publico,0.0
4876,5532,500339.5673354982,2138044.052218752,197.0,-98.99676715278432,19.336345776953458,2553.8405905736904,1811.9177042085266,34.05120787431587,7.6615217717210715,24.158902722780354,Privado,741.9228863651638
4880,5581,500062.0970498027,2138067.892048655,182.0,-98.99940880492026,19.33656125366938,2905.177554815751,1753.5722869290253,38.73570073087668,8.715532664447254,23.380963825720336,Privado,1151.6052678867259
4895,3426,492488.5065478841,2143426.469293099,49.0,-99.0715342825044,19.38497442535512,3639.987491603762,3816.3944324368163,48.53316655471683,10.919962474811287,50.88525909915755,Publico,0.0
4908,5488,492623.0058379273,2143139.017831573,291.0,-99.0702522907548,19.382377139043932,3282.914033831442,3810.051041696663,43.77218711775256,9.848742101494325,50.80068055595551,Publico,0.0
4912,6803,491581.81267704617,2140342.0315823588,329.0,-99.0801553734916,19.35709579914097,714.2249692673804,2339.6520681053794,9.52299959023174,2.1426749078021414,31.195360908071724,Publico,0.0
4927,6812,491423.3538953013,2140150.0821824004,206.0,-99.08166330442792,19.35536041950323,468.9268937479507,2299.0736891543925,6.25235858330601,1.4067806812438521,30.6543158553919,Publico,0.0
4931,5485,499060.1359032362,2139434.6143032704,216.0,-99.0089486509802,19.348912580673595,1050.1512136914998,921.033688839236,14.002016182553332,3.1504536410745,12.280449184523146,Privado,129.11752485226384
4946,5350,498634.356870842,2139297.1867875783,215.0,-99.01300248753364,19.34767035684092,1222.0686642900848,406.79833592245853,16.29424885720113,3.6662059928702546,5.423977812299447,Privado,815.2703283676262
4965,4114,490096.8305775044,2136693.2185545336,73.0,-99.09427596745633,19.32411346824688,1750.4665880250452,2538.9627259487984,23.339554507000603,5.251399764075136,33.85283634598398,Publico,0.0
497A,1927,491897.6449046128,2139572.415016811,123.0,-99.07714484906006,19.35014181908056,238.19098009306146,1343.1071439266461,3.1758797345741527,0.7145729402791844,17.90809525235528,Publico,0.0
4984,4002,491520.99562514847,2139252.7880304647,186.0,-99.0807296117318,19.34725168939834,819.1426400216272,1610.1352501830893,10.92190186695503,2.457427920064882,21.46847000244119,Publico,0.0
4999,3431,496804.4309195416,2138665.3397587417,250.0,-99.03042442008967,19.341958060519197,530.9196225089921,988.2386131712497,7.078928300119895,1.5927588675269764,13.176514842283328,Publico,0.0
5003,3643,497127.4146140522,2138640.2817534693,138.0,-99.02734931484068,19.34173209000076,371.7055897166168,1035.5392976074672,4.956074529554891,1.1151167691498505,13.80719063476623,Publico,0.0
5018,2989,493589.6961007403,2137794.8156457418,128.0,-99.06102838062546,19.334083151176998,575.6451342054828,551.7791805075428,7.675268456073104,1.7269354026164485,7.357055740100571,Privado,23.865953697939972
5037,2646,502238.773715832,2138362.998434469,210.0,-98.97868540506389,19.339226989126853,54.43432912182527,3104.116253637398,0.7257910549576703,0.16330298736547583,41.388216715165306,Publico,0.0
5041,3291,502295.2519313384,2138138.923970734,87.0,-98.97814796484748,19.33720188549791,321.5109041714285,3306.4547678752647,4.2868120556190465,0.9645327125142855,44.086063571670195,Publico,0.0
5056,806,494433.6450752958,2137036.297894529,22.0,-99.05299147714211,19.32723066810329,1673.1019871025587,1108.4430979928502,22.308026494700783,5.019305961307676,14.779241306571336,Privado,564.6588891097085
5060,5931,494238.754328597,2136959.0257385727,242.0,-99.0548465956117,19.326531783210097,1663.8949994800967,1104.630808810573,22.185266659734623,4.991684998440291,14.728410784140973,Privado,559.2641906695237
5075,3792,497615.4514685412,2137213.951001191,225.0,-99.02270103175748,19.328842469946352,2317.5312086919826,2806.4751761556904,30.9004161158931,6.952593626075948,37.419669015409205,Publico,0.0
508A,3945,497894.0754814476,2137085.4540800485,97.0,-99.02004837444991,19.3276815075951,2596.4238779831376,2929.9513327945638,34.61898503977517,7.789271633949413,39.066017770594186,Publico,0.0
5094,1516,499192.0881582275,2141725.432368133,5.0,-99.00769327562956,19.36961552236661,1229.3900754997624,3176.134924561942,16.391867673330164,3.6881702264992873,42.348465660825894,Publico,0.0
5107,4853,499459.8985097082,2141403.0220418274,230.0,-99.00514298168238,19.366701885826654,1059.9636082063544,2711.7647536792874,14.132848109418058,3.179890824619063,36.1568633823905,Publico,0.0
5111,7653,493347.9179939555,2140498.091867395,28.0,-99.06333961858968,19.358512791843307,787.6130627872166,2171.583213982212,10.501507503829554,2.36283918836165,28.954442853096158,Publico,0.0
5126,4853,493541.3305861196,2140339.0475584003,48.0,-99.06149744970531,19.357076087352468,1045.2799813080662,2097.2631417948346,13.937066417440883,3.135839943924199,27.96350855726446,Publico,0.0
5130,2592,492735.7056922593,2137746.843507952,90.0,-99.06915848740492,19.333646707195918,1518.8612989360308,1094.0579945564396,20.251483985813746,4.5565838968080925,14.587439927419194,Privado,424.8033043795913
5145,4478,492867.83352656296,2137423.8551338883,184.0,-99.0678993809937,19.330728220101403,1390.0319782876838,1177.3660225922522,18.53375971050245,4.170095934863052,15.698213634563363,Privado,212.66595569543165
515A,1634,492359.3693666195,2132990.663028671,47.0,-99.07272232496533,19.290661941451123,2507.875051773213,2898.128817550233,33.43833402364284,7.523625155319639,38.64171756733644,Publico,0.0
5179,1573,494540.54165945615,2142684.608930359,35.0,-99.0519899951676,19.37827664106884,1524.030179706893,2502.7143156637485,20.320402396091907,4.572090539120679,33.36952420884998,Publico,0.0
5183,3932,494602.7207517129,2142634.105853604,101.0,-99.05139772556096,19.377820397319947,1527.1277166852585,2537.1343044063497,20.36170288913678,4.581383150055776,33.828457392084665,Publico,0.0
5198,5541,494541.5577379264,2141650.896079359,260.0,-99.05197735674658,19.36893465567619,1640.6402880002047,3788.2394631264024,21.87520384000273,4.921920864000614,50.50985950835203,Publico,0.0
5200,4699,494667.9720642115,2141193.528017843,188.0,-99.05077231213316,19.36480161325992,1109.316669911984,3749.117648526909,14.790888932159787,3.3279500097359525,49.988235313692115,Publico,0.0
5215,5858,491544.0766391153,2137453.391647582,226.0,-99.08050188341004,19.330990023476435,1636.7040861435858,951.6572205849182,21.82272114858114,4.9101122584307575,12.688762941132241,Privado,685.0468655586676
522A,2314,491045.6555723029,2137385.980267583,57.0,-99.08524662010196,19.330378646459177,1581.541024035367,1462.1113230733763,21.08721365380489,4.744623072106101,19.49481764097835,Privado,119.42970096199065
5249,3208,491029.1203162776,2137060.1196291056,52.0,-99.08540250741916,19.327433655350493,1184.0482446473889,1382.2112077600837,15.787309928631851,3.552144733942167,18.42948277013445,Publico,0.0
5253,4458,496775.9907828723,2142416.5479910104,59.0,-99.03070153707375,19.375858927539163,2469.0620291061978,3357.013006305501,32.9208270547493,7.4071860873185935,44.76017341740668,Publico,0.0
5268,5103,496959.1976308536,2142164.751273663,54.0,-99.02895649634824,19.373583647014787,2860.786537944686,3576.317209064379,38.14382050592915,8.58235961383406,47.684229454191716,Publico,0.0
5272,3347,487422.8867009447,2142184.6506095724,236.0,-99.11976748638462,19.3737263786884,3032.870061472608,745.1452234141217,40.43826748630144,9.098610184417824,9.935269645521622,Privado,2287.7248380584865
5287,2360,487234.6251631115,2141970.654557124,21.0,-99.12155879858194,19.371791243845298,2962.3681048017356,376.54759650554433,39.49824139735647,8.887104314405207,5.020634620073924,Privado,2585.8205082961913
5291,3411,499531.3724372607,2139261.7678652303,114.0,-99.00446186275336,19.347350673170634,1525.0927769806676,760.9085472463477,20.334570359742234,4.5752783309420035,10.145447296617968,Privado,764.18422973432
5304,5300,499566.7176170864,2138785.1788569805,221.0,-99.00412522856762,19.34304358114291,2080.059641522201,1070.774009084647,27.73412855362935,6.240178924566604,14.276986787795295,Privado,1009.2856324375541
5319,3414,500681.4751436189,2138514.725294184,113.0,-98.99351185510086,19.34059932890501,2077.3461121024948,1397.64346257601,27.697948161366597,6.232038336307484,18.635246167680133,Privado,679.7026495264847
5323,3240,500738.3894434128,2137981.850908255,55.0,-98.99297019520934,19.33578353472197,2064.291486514132,2043.3745672984705,27.523886486855094,6.192874459542396,27.244994230646274,Privado,20.916919215661437
5338,6974,498601.423866834,2137640.722749885,193.0,-99.01331483367484,19.332700287030026,2550.9222820607806,2333.9608872670424,34.01229709414374,7.652766846182343,31.119478496893898,Privado,216.96139479373824
5342,5210,499213.0774957084,2137810.078021777,125.0,-99.00749179089854,19.334231143516384,3085.0296751352835,2382.779584433514,41.13372900180378,9.255089025405852,31.770394459113522,Privado,702.2500907017693
5357,3042,491433.0204820169,2135879.802912502,96.0,-99.08155210089122,19.31676846834872,440.26296661213405,654.7286399402124,5.870172888161787,1.3207888998364021,8.72971519920283,Publico,0.0
5361,2123,491635.2676966873,2135696.0208719647,8.0,-99.0796260354642,19.315108413090183,760.939619033248,411.8770669194171,10.145861587109975,2.2828188570997443,5.491694225592227,Privado,349.062552113831
5376,961,491108.6942280805,2135153.507130637,3.0,-99.08463609666669,19.31020326000005,1408.4061667793833,388.8686097781347,18.77874889039178,4.22521850033815,5.184914797041796,Privado,1019.5375570012486
5380,8787,495300.9956608965,2135902.943326909,429.0,-99.0447315490084,19.31699033992742,2512.3949801813396,2957.1099460257146,33.49859973575119,7.537184940544019,39.4281326136762,Publico,0.0
5395,3565,495273.9825663191,2135599.5048891897,35.0,-99.04498794631726,19.31424799038199,2267.4387266464896,3272.2095943934783,30.232516355286528,6.802316179939469,43.62946125857971,Publico,0.0
5408,2285,492425.7985578198,2132731.870285799,65.0,-99.0720890389428,19.28832338001293,2795.1552542737872,3228.8500899608557,37.2687367236505,8.385465762821362,43.05133453281141,Publico,0.0
5412,2677,492523.00441699295,2132829.374173426,53.0,-99.0711642432271,19.289204923949065,2637.1802635418962,3190.6955858366828,35.16240351389195,7.911540790625689,42.54260781115577,Publico,0.0
5427,4283,492752.4619061984,2132604.4601304466,128.0,-99.06897947200008,19.287173124392066,2859.8818033103976,3601.3164175154134,38.13175737747197,8.579645409931194,48.017552233538844,Publico,0.0
5431,2463,488828.15347410826,2141948.3840335584,54.0,-99.10638425096684,19.37159948032921,2203.5934554966143,1761.862054693471,29.381246073288192,6.610780366489843,23.491494062579612,Privado,441.7314008031433
5446,4124,488486.0225194751,2141366.2652922487,199.0,-99.10963868118424,19.366336761598838,1479.4714791060915,1737.827078576873,19.72628638808122,4.438414437318275,23.171027714358306,Publico,0.0
5450,3458,493702.2289037858,2136838.058659412,115.0,-99.05995387373876,19.325436952469676,1360.1694367423647,1287.8476879067298,18.135592489898197,4.080508310227095,17.171302505423064,Privado,72.32174883563493
5465,1777,493466.58346100815,2136800.474851065,30.0,-99.06219705491506,19.325096542780447,1069.8615212167438,1456.8533758978454,14.264820282889916,3.2095845636502314,19.424711678637937,Publico,0.0
547A,3413,493971.5276565856,2142772.7139492054,78.0,-99.0574089480704,19.37907124438896,2010.503091821074,2758.523632993652,26.806707890947653,6.031509275463222,36.78031510658202,Publico,0.0
5484,4151,494288.2579316693,2142322.254674621,242.0,-99.05439138578856,19.37500123060448,2096.738355395333,3062.9151872694015,27.956511405271108,6.290215066186,40.83886916359202,Publico,0.0
5499,4474,495712.68087679305,2136300.5521783894,191.0,-99.04081345888656,19.32058459710287,3251.861812102464,2927.23366216018,43.35815749469952,9.755585436307392,39.02978216213573,Privado,324.6281499422839
5501,6014,495826.10479957337,2136150.471701757,180.0,-99.03973338367456,19.31922850279895,3255.3558916315983,3166.9363764742116,43.404745221754645,9.766067674894796,42.225818352989485,Privado,88.41951515738674
5516,4913,496040.02631850063,2136206.366575655,143.0,-99.03769707453029,19.319734077627988,3527.6618344948743,3333.9046446295074,47.03549112659832,10.582985503484624,44.452061928393434,Privado,193.75718986536685
5520,3557,495661.2246230317,2135948.770125488,146.0,-99.04130250186356,19.31740530227384,2932.4466970360313,3200.63640208403,39.09928929381375,8.797340091108094,42.67515202778707,Publico,0.0
5535,4112,492396.6491151238,2137200.147035194,64.0,-99.0723842397987,19.32870476509039,1197.6127277278263,505.73429412860116,15.968169703037683,3.592838183183479,6.743123921714682,Privado,691.8784335992251
554A,2658,492237.1380903139,2137076.4109538896,58.0,-99.07390228805926,19.327585908992592,1163.5062728034488,243.30231795316573,15.513416970712651,3.490518818410347,3.2440309060422097,Privado,920.2039548502831
5554,2894,497587.7694903762,2138402.950929183,146.0,-99.02296606783771,19.339587853261573,913.3623256233229,1332.1999059573443,12.178164341644306,2.740086976869969,17.76266541276459,Publico,0.0
5569,4114,497965.7091824144,2138306.2769566225,185.0,-99.01936772319186,19.338714594426797,1364.3613242137776,1340.2297277365296,18.191484322850368,4.093083972641333,17.869729703153727,Privado,24.131596477247967
5573,3451,497202.93936240935,2137743.0727318,161.0,-99.02662894414269,19.333623801942785,1541.7953148310319,2199.2643555316245,20.55727086441376,4.625385944493096,29.32352474042166,Publico,0.0
5588,4157,497512.03405476257,2137506.1991673037,154.0,-99.02368595181902,19.331483496765664,1915.3361046774542,2465.8898088618275,25.53781472903272,5.746008314032363,32.87853078482437,Publico,0.0
5592,1833,496135.2600622688,2143088.738920044,107.0,-99.0368044395728,19.38193259442477,1285.5351458707348,2162.9268991168724,17.140468611609798,3.8566054376122048,28.8390253215583,Publico,0.0
5605,4180,495693.88432067656,2142472.466126525,255.0,-99.04100632578124,19.37636224699727,1549.230918097732,2683.1693018424803,20.656412241303094,4.647692754293196,35.77559069123307,Publico,0.0
5624,3644,490729.3792729483,2134807.983835732,78.0,-99.08824510724952,19.307078927281115,1993.6547418821087,535.2301546352187,26.58206322509478,5.980964225646327,7.136402061802916,Privado,1458.42458724689
5639,1737,494631.1236807173,2142776.6017351914,18.0,-99.05112764930126,19.379108252949205,1356.9777548104425,2349.943380833153,18.0930367308059,4.070933264431328,31.332578411108702,Publico,0.0
5643,836,494836.5340707196,2142672.307193761,1.0,-99.04917125,19.37816625,1328.628837344384,2408.202797512257,17.715051164591788,3.985886512033152,32.10937063349676,Publico,0.0
5658,7959,495328.6114608444,2142266.177008744,149.0,-99.04448424344852,19.37449713044468,1723.7076782003985,2884.9345408748313,22.98276904267198,5.171123034601195,38.465793878331084,Publico,0.0
5662,2312,494996.10805686726,2141873.4150943216,74.0,-99.04764954188732,19.370946815408985,2089.8320337654022,3405.8330921120605,27.86442711687203,6.269496101296207,45.411107894827474,Publico,0.0
5677,5416,496114.1216055001,2141506.5039022355,279.0,-99.03700251568053,19.36763339702104,2711.9936000153166,2923.3788226884017,36.15991466687089,8.13598080004595,38.97838430251202,Publico,0.0
5681,6838,496654.8275067891,2141358.2131691827,61.0,-99.03185348997944,19.366294219443716,2638.382258062728,2554.234420566933,35.17843010750304,7.915146774188185,34.05645894089244,Privado,84.1478374957951
5696,1765,497075.4764729496,2141040.615863377,17.0,-99.02784748826365,19.363424645871152,1958.3892502702922,2122.4450580013226,26.111856670270562,5.875167750810877,28.299267440017637,Publico,0.0
5709,2911,491393.29184657935,2138028.3480246486,166.0,-99.08193997178716,19.33618546526734,2340.341827982084,1652.9228019830182,31.204557706427785,7.021025483946252,22.038970693106908,Privado,687.4190259990658
5713,3338,491281.56544059934,2137835.4793886184,68.0,-99.08300277897008,19.33444196330968,2116.558796005992,1544.0886978699039,28.22078394674656,6.3496763880179765,20.58784930493205,Privado,572.4700981360882
5728,1591,495192.650500381,2136580.9876040323,88.0,-99.04576463184276,19.3231178200802,2725.863883155475,2184.4249839541135,36.34485177540633,8.177591649466425,29.125666452721514,Privado,541.4388992013614
5732,2692,495254.79242533166,2136491.594943037,60.0,-99.04517283611176,19.32231009336868,2866.6778586958917,2324.0369286466926,38.222371449278555,8.600033576087675,30.98715904862257,Privado,542.6409300491991
5747,1979,499281.7214792472,2142364.7060819548,21.0,-99.00683999059255,19.37539287710231,1270.3635438535937,3976.2940060736223,16.938180584714583,3.811090631560781,53.017253414314965,Publico,0.0
5751,1984,499195.5573171571,2142144.03578379,16.0,-99.00766041761509,19.37339857688852,1260.096346305631,3693.195431529231,16.801284617408413,3.780289038916893,49.242605753723076,Publico,0.0
5766,2047,499405.87547063344,2142282.456149412,258.0,-99.00565767685934,19.37464959900157,1077.139826030251,3832.373081461866,14.361864347070014,3.231419478090753,51.09830775282488,Publico,0.0
5770,1531,499412.2580034824,2141870.8875469454,38.0,-99.0055967708434,19.370930124120157,928.1177745729279,3312.327854057646,12.374903660972372,2.784353323718784,44.16437138743528,Publico,0.0
5785,500,494014.7470831499,2142298.2294575884,3.0,-99.05699587970754,19.37478331012023,2355.1997467195592,3248.4743018625636,31.402663289594123,7.0655992401586785,43.31299069150085,Publico,0.0
579A,364,494164.0032036071,2142263.7505595023,4.0,-99.05557445051596,19.37447215311856,2257.6943718110797,3199.2280394480495,30.102591624147728,6.77308311543324,42.65637385930733,Publico,0.0
5802,463,494272.2439295805,2142235.404580588,6.0,-99.05454362158936,19.37421629346583,2199.071416877246,3174.8663322896673,29.32095222502995,6.597214250631739,42.331551097195565,Publico,0.0
5817,504,494220.07621295296,2142114.116804937,5.0,-99.0550400301396,19.373120028187635,2228.0461616721427,3346.50515249703,29.70728215562857,6.684138485016429,44.6200686999604,Publico,0.0
5821,468,494425.185898655,2142158.112090295,4.0,-99.05308697750948,19.373518207622634,2171.852991521694,3197.3117018990515,28.95803988695592,6.515558974565082,42.630822691987355,Publico,0.0
5836,492,494351.6524537614,2141999.547072437,1.0,-99.05378674,19.37208499999999,2073.4268098878115,3423.4315215508236,27.645690798504152,6.220280429663434,45.645753620677645,Publico,0.0
5840,755,494513.210119905,2142105.759706692,8.0,-99.05224860352438,19.373045325224805,2175.51722494312,3226.954160974221,29.006896332574932,6.52655167482936,43.02605547965628,Publico,0.0
5855,560,494564.3256240125,2141973.399699111,12.0,-99.05176147255368,19.37184928513673,2059.651086309286,3374.522046343732,27.46201448412381,6.178953258927858,44.9936272845831,Publico,0.0
586A,2523,490307.7290387155,2135226.89360794,34.0,-99.0922608273534,19.3108627855068,1864.719192432619,1182.5924519322732,24.86292256576825,5.594157577297857,15.767899359096976,Privado,682.1267405003457
5874,1628,490461.928572141,2135539.29232929,24.0,-99.09079456023797,19.31368678376148,1449.2870798222348,1250.0167498259398,19.32382773096313,4.347861239466704,16.666889997679196,Privado,199.270329996295
5889,2195,490759.1482841603,2137682.5264357617,32.0,-99.08797564248412,19.333057342091944,2065.4932564417722,1964.1861421116998,27.5399100858903,6.196479769325317,26.189148561489333,Privado,101.30711433007241
5893,5778,490689.7838661158,2137527.291964364,85.0,-99.08863525482732,19.331654114257397,1918.6513176613337,1959.8738699564458,25.582017568817783,5.755953952984001,26.13165159941928,Publico,0.0
5906,3780,493276.8368168805,2137482.5428922097,32.0,-99.06400581183782,19.331260010615928,1142.8956439091858,1032.4172695635245,15.23860858545581,3.4286869317275577,13.765563594180326,Privado,110.47837434566122
5910,3698,493542.6536028463,2137485.348373148,57.0,-99.06147519529388,19.33128623553753,962.7514435641983,721.3534263040157,12.83668591418931,2.888254330692595,9.618045684053543,Privado,241.39801726018266
5925,3653,491116.3477801358,2137172.331577277,33.0,-99.08457262712376,19.32844814140531,1289.7218282930626,1291.9574918250976,17.1962910439075,3.869165484879188,17.2260998910013,Publico,0.0
593A,3627,491546.2533221623,2137156.168554299,45.0,-99.0804798454192,19.32830392265153,1256.7066477902981,747.4666767672143,16.756088637203973,3.7701199433708945,9.966222356896191,Privado,509.23997102308385
